2026-09-13 10:38:57 | INFO | app.main | Agricultural Intelligence Platform starting
2026-09-13 10:39:00 | ERROR | app.services.earth_engine.authentication | Earth Engine initialization failed: ('invalid_grant: Invalid JWT Signature.', {'error': 'invalid_grant', 'error_description': 'Invalid JWT Signature.'})
2026-09-13 10:39:00 | ERROR | app.services.earth_engine.authentication | Earth Engine BLOCKED — initialization failed at startup (auth_failed): Earth Engine rejected the service-account credentials. Verify that EE_SERVICE_ACCOUNT matches the client_email in the key file, the private key is valid, and the server clock is synchronized.
INFO:     127.0.0.1:55610 - "GET /api/v1/health HTTP/1.1" 200 OK
INFO:     127.0.0.1:55701 - "GET /api/v1/health HTTP/1.1" 200 OK
2026-09-13 10:40:20 | ERROR | app.services.earth_engine.authentication | Earth Engine initialization failed: ('invalid_grant: Invalid JWT Signature.', {'error': 'invalid_grant', 'error_description': 'Invalid JWT Signature.'})
INFO:     127.0.0.1:55702 - "GET /api/v1/health/earth-engine HTTP/1.1" 200 OK
INFO:     127.0.0.1:56540 - "GET /api/v1/health HTTP/1.1" 200 OK
2026-09-13 10:49:22 | ERROR | app.services.earth_engine.authentication | Earth Engine initialization failed: ('invalid_grant: Invalid JWT Signature.', {'error': 'invalid_grant', 'error_description': 'Invalid JWT Signature.'})
INFO:     127.0.0.1:56543 - "GET /api/v1/health/earth-engine HTTP/1.1" 200 OK
2026-09-13 10:51:59,636 INFO sqlalchemy.engine.Engine select pg_catalog.version()
2026-09-13 10:51:59 | INFO | sqlalchemy.engine.Engine | select pg_catalog.version()
2026-09-13 10:51:59,640 INFO sqlalchemy.engine.Engine [raw sql] ()
2026-09-13 10:51:59 | INFO | sqlalchemy.engine.Engine | [raw sql] ()
2026-09-13 10:51:59,681 INFO sqlalchemy.engine.Engine select current_schema()
2026-09-13 10:51:59 | INFO | sqlalchemy.engine.Engine | select current_schema()
2026-09-13 10:51:59,683 INFO sqlalchemy.engine.Engine [raw sql] ()
2026-09-13 10:51:59 | INFO | sqlalchemy.engine.Engine | [raw sql] ()
2026-09-13 10:51:59,710 INFO sqlalchemy.engine.Engine show standard_conforming_strings
2026-09-13 10:51:59 | INFO | sqlalchemy.engine.Engine | show standard_conforming_strings
2026-09-13 10:51:59,719 INFO sqlalchemy.engine.Engine [raw sql] ()
2026-09-13 10:51:59 | INFO | sqlalchemy.engine.Engine | [raw sql] ()
2026-09-13 10:51:59,742 INFO sqlalchemy.engine.Engine BEGIN (implicit)
2026-09-13 10:51:59 | INFO | sqlalchemy.engine.Engine | BEGIN (implicit)
2026-09-13 10:52:00,061 INFO sqlalchemy.engine.Engine SELECT analyses.id, analyses.location_id, analyses.start_date, analyses.end_date, analyses.analysis_type, analyses.temporal_resolution, analyses.status, analyses.error_message, analyses.completed_at, analyses.result_data, analyses.created_at, analyses.updated_at 
FROM analyses ORDER BY analyses.created_at DESC 
 LIMIT $1::INTEGER OFFSET $2::INTEGER
2026-09-13 10:52:00 | INFO | sqlalchemy.engine.Engine | SELECT analyses.id, analyses.location_id, analyses.start_date, analyses.end_date, analyses.analysis_type, analyses.temporal_resolution, analyses.status, analyses.error_message, analyses.completed_at, analyses.result_data, analyses.created_at, analyses.updated_at 
FROM analyses ORDER BY analyses.created_at DESC 
 LIMIT $1::INTEGER OFFSET $2::INTEGER
2026-09-13 10:52:00,069 INFO sqlalchemy.engine.Engine [generated in 0.00683s] (10, 0)
2026-09-13 10:52:00 | INFO | sqlalchemy.engine.Engine | [generated in 0.00683s] (10, 0)
2026-09-13 10:52:00,239 INFO sqlalchemy.engine.Engine COMMIT
2026-09-13 10:52:00 | INFO | sqlalchemy.engine.Engine | COMMIT
INFO:     127.0.0.1:56769 - "GET /api/v1/analyses?skip=0&limit=10 HTTP/1.1" 200 OK
2026-09-13 10:52:00,259 INFO sqlalchemy.engine.Engine BEGIN (implicit)
2026-09-13 10:52:00 | INFO | sqlalchemy.engine.Engine | BEGIN (implicit)
2026-09-13 10:52:00,260 INFO sqlalchemy.engine.Engine SELECT analyses.id, analyses.location_id, analyses.start_date, analyses.end_date, analyses.analysis_type, analyses.temporal_resolution, analyses.status, analyses.error_message, analyses.completed_at, analyses.result_data, analyses.created_at, analyses.updated_at 
FROM analyses ORDER BY analyses.created_at DESC 
 LIMIT $1::INTEGER OFFSET $2::INTEGER
2026-09-13 10:52:00 | INFO | sqlalchemy.engine.Engine | SELECT analyses.id, analyses.location_id, analyses.start_date, analyses.end_date, analyses.analysis_type, analyses.temporal_resolution, analyses.status, analyses.error_message, analyses.completed_at, analyses.result_data, analyses.created_at, analyses.updated_at 
FROM analyses ORDER BY analyses.created_at DESC 
 LIMIT $1::INTEGER OFFSET $2::INTEGER
2026-09-13 10:52:00,261 INFO sqlalchemy.engine.Engine [cached since 0.2009s ago] (10, 0)
2026-09-13 10:52:00 | INFO | sqlalchemy.engine.Engine | [cached since 0.2009s ago] (10, 0)
2026-09-13 10:52:00,267 INFO sqlalchemy.engine.Engine COMMIT
2026-09-13 10:52:00 | INFO | sqlalchemy.engine.Engine | COMMIT
INFO:     127.0.0.1:56775 - "GET /api/v1/analyses?skip=0&limit=10 HTTP/1.1" 200 OK
2026-09-13 10:52:01 | ERROR | app.services.earth_engine.authentication | Earth Engine initialization failed: ('invalid_grant: Invalid JWT Signature.', {'error': 'invalid_grant', 'error_description': 'Invalid JWT Signature.'})
INFO:     127.0.0.1:56768 - "GET /api/v1/health/earth-engine HTTP/1.1" 200 OK
2026-09-13 10:52:01 | ERROR | app.services.earth_engine.authentication | Earth Engine initialization failed: ('invalid_grant: Invalid JWT Signature.', {'error': 'invalid_grant', 'error_description': 'Invalid JWT Signature.'})
INFO:     127.0.0.1:56789 - "GET /api/v1/health/earth-engine HTTP/1.1" 200 OK
INFO:     127.0.0.1:56793 - "GET / HTTP/1.1" 200 OK
2026-09-13 10:52:10,848 INFO sqlalchemy.engine.Engine BEGIN (implicit)
2026-09-13 10:52:10 | INFO | sqlalchemy.engine.Engine | BEGIN (implicit)
2026-09-13 10:52:10,850 INFO sqlalchemy.engine.Engine SELECT analyses.id, analyses.location_id, analyses.start_date, analyses.end_date, analyses.analysis_type, analyses.temporal_resolution, analyses.status, analyses.error_message, analyses.completed_at, analyses.result_data, analyses.created_at, analyses.updated_at 
FROM analyses ORDER BY analyses.created_at DESC 
 LIMIT $1::INTEGER OFFSET $2::INTEGER
2026-09-13 10:52:10 | INFO | sqlalchemy.engine.Engine | SELECT analyses.id, analyses.location_id, analyses.start_date, analyses.end_date, analyses.analysis_type, analyses.temporal_resolution, analyses.status, analyses.error_message, analyses.completed_at, analyses.result_data, analyses.created_at, analyses.updated_at 
FROM analyses ORDER BY analyses.created_at DESC 
 LIMIT $1::INTEGER OFFSET $2::INTEGER
2026-09-13 10:52:10,850 INFO sqlalchemy.engine.Engine [cached since 10.79s ago] (50, 0)
2026-09-13 10:52:10 | INFO | sqlalchemy.engine.Engine | [cached since 10.79s ago] (50, 0)
2026-09-13 10:52:10,859 INFO sqlalchemy.engine.Engine COMMIT
2026-09-13 10:52:10 | INFO | sqlalchemy.engine.Engine | COMMIT
INFO:     127.0.0.1:56812 - "GET /api/v1/analyses?skip=0&limit=50 HTTP/1.1" 200 OK
2026-09-13 10:52:10,882 INFO sqlalchemy.engine.Engine BEGIN (implicit)
2026-09-13 10:52:10 | INFO | sqlalchemy.engine.Engine | BEGIN (implicit)
2026-09-13 10:52:10,883 INFO sqlalchemy.engine.Engine SELECT analyses.id, analyses.location_id, analyses.start_date, analyses.end_date, analyses.analysis_type, analyses.temporal_resolution, analyses.status, analyses.error_message, analyses.completed_at, analyses.result_data, analyses.created_at, analyses.updated_at 
FROM analyses ORDER BY analyses.created_at DESC 
 LIMIT $1::INTEGER OFFSET $2::INTEGER
2026-09-13 10:52:10 | INFO | sqlalchemy.engine.Engine | SELECT analyses.id, analyses.location_id, analyses.start_date, analyses.end_date, analyses.analysis_type, analyses.temporal_resolution, analyses.status, analyses.error_message, analyses.completed_at, analyses.result_data, analyses.created_at, analyses.updated_at 
FROM analyses ORDER BY analyses.created_at DESC 
 LIMIT $1::INTEGER OFFSET $2::INTEGER
2026-09-13 10:52:10,884 INFO sqlalchemy.engine.Engine [cached since 10.82s ago] (50, 0)
2026-09-13 10:52:10 | INFO | sqlalchemy.engine.Engine | [cached since 10.82s ago] (50, 0)
2026-09-13 10:52:10,891 INFO sqlalchemy.engine.Engine COMMIT
2026-09-13 10:52:10 | INFO | sqlalchemy.engine.Engine | COMMIT
INFO:     127.0.0.1:56815 - "GET /api/v1/analyses?skip=0&limit=50 HTTP/1.1" 200 OK
2026-09-13 10:52:15 | ERROR | app.services.earth_engine.authentication | Earth Engine initialization failed: ('invalid_grant: Invalid JWT Signature.', {'error': 'invalid_grant', 'error_description': 'Invalid JWT Signature.'})
INFO:     127.0.0.1:56822 - "GET /api/v1/health/earth-engine HTTP/1.1" 200 OK
2026-09-13 10:52:18 | ERROR | app.services.earth_engine.authentication | Earth Engine initialization failed: ('invalid_grant: Invalid JWT Signature.', {'error': 'invalid_grant', 'error_description': 'Invalid JWT Signature.'})
INFO:     127.0.0.1:56834 - "GET /api/v1/health/earth-engine HTTP/1.1" 200 OK
2026-09-13 10:52:19,387 INFO sqlalchemy.engine.Engine BEGIN (implicit)
2026-09-13 10:52:19 | INFO | sqlalchemy.engine.Engine | BEGIN (implicit)
2026-09-13 10:52:19,388 INFO sqlalchemy.engine.Engine SELECT analyses.id, analyses.location_id, analyses.start_date, analyses.end_date, analyses.analysis_type, analyses.temporal_resolution, analyses.status, analyses.error_message, analyses.completed_at, analyses.result_data, analyses.created_at, analyses.updated_at 
FROM analyses ORDER BY analyses.created_at DESC 
 LIMIT $1::INTEGER OFFSET $2::INTEGER
2026-09-13 10:52:19 | INFO | sqlalchemy.engine.Engine | SELECT analyses.id, analyses.location_id, analyses.start_date, analyses.end_date, analyses.analysis_type, analyses.temporal_resolution, analyses.status, analyses.error_message, analyses.completed_at, analyses.result_data, analyses.created_at, analyses.updated_at 
FROM analyses ORDER BY analyses.created_at DESC 
 LIMIT $1::INTEGER OFFSET $2::INTEGER
2026-09-13 10:52:19,389 INFO sqlalchemy.engine.Engine [cached since 19.33s ago] (50, 0)
2026-09-13 10:52:19 | INFO | sqlalchemy.engine.Engine | [cached since 19.33s ago] (50, 0)
2026-09-13 10:52:19,469 INFO sqlalchemy.engine.Engine COMMIT
2026-09-13 10:52:19 | INFO | sqlalchemy.engine.Engine | COMMIT
INFO:     127.0.0.1:56855 - "GET /api/v1/analyses?skip=0&limit=50 HTTP/1.1" 200 OK
2026-09-13 10:52:19,496 INFO sqlalchemy.engine.Engine BEGIN (implicit)
2026-09-13 10:52:19 | INFO | sqlalchemy.engine.Engine | BEGIN (implicit)
2026-09-13 10:52:19,498 INFO sqlalchemy.engine.Engine SELECT analyses.id, analyses.location_id, analyses.start_date, analyses.end_date, analyses.analysis_type, analyses.temporal_resolution, analyses.status, analyses.error_message, analyses.completed_at, analyses.result_data, analyses.created_at, analyses.updated_at 
FROM analyses ORDER BY analyses.created_at DESC 
 LIMIT $1::INTEGER OFFSET $2::INTEGER
2026-09-13 10:52:19 | INFO | sqlalchemy.engine.Engine | SELECT analyses.id, analyses.location_id, analyses.start_date, analyses.end_date, analyses.analysis_type, analyses.temporal_resolution, analyses.status, analyses.error_message, analyses.completed_at, analyses.result_data, analyses.created_at, analyses.updated_at 
FROM analyses ORDER BY analyses.created_at DESC 
 LIMIT $1::INTEGER OFFSET $2::INTEGER
2026-09-13 10:52:19,500 INFO sqlalchemy.engine.Engine [cached since 19.44s ago] (50, 0)
2026-09-13 10:52:19 | INFO | sqlalchemy.engine.Engine | [cached since 19.44s ago] (50, 0)
2026-09-13 10:52:19,506 INFO sqlalchemy.engine.Engine COMMIT
2026-09-13 10:52:19 | INFO | sqlalchemy.engine.Engine | COMMIT
INFO:     127.0.0.1:56858 - "GET /api/v1/analyses?skip=0&limit=50 HTTP/1.1" 200 OK
2026-09-13 10:52:31,016 INFO sqlalchemy.engine.Engine BEGIN (implicit)
2026-09-13 10:52:31 | INFO | sqlalchemy.engine.Engine | BEGIN (implicit)
2026-09-13 10:52:31,018 INFO sqlalchemy.engine.Engine SELECT analyses.id, analyses.location_id, analyses.start_date, analyses.end_date, analyses.analysis_type, analyses.temporal_resolution, analyses.status, analyses.error_message, analyses.completed_at, analyses.result_data, analyses.created_at, analyses.updated_at 
FROM analyses ORDER BY analyses.created_at DESC 
 LIMIT $1::INTEGER OFFSET $2::INTEGER
2026-09-13 10:52:31 | INFO | sqlalchemy.engine.Engine | SELECT analyses.id, analyses.location_id, analyses.start_date, analyses.end_date, analyses.analysis_type, analyses.temporal_resolution, analyses.status, analyses.error_message, analyses.completed_at, analyses.result_data, analyses.created_at, analyses.updated_at 
FROM analyses ORDER BY analyses.created_at DESC 
 LIMIT $1::INTEGER OFFSET $2::INTEGER
2026-09-13 10:52:31,018 INFO sqlalchemy.engine.Engine [cached since 30.96s ago] (10, 0)
2026-09-13 10:52:31 | INFO | sqlalchemy.engine.Engine | [cached since 30.96s ago] (10, 0)
2026-09-13 10:52:31,031 INFO sqlalchemy.engine.Engine COMMIT
2026-09-13 10:52:31 | INFO | sqlalchemy.engine.Engine | COMMIT
INFO:     127.0.0.1:56912 - "GET /api/v1/analyses?skip=0&limit=10 HTTP/1.1" 200 OK
2026-09-13 10:52:31,049 INFO sqlalchemy.engine.Engine BEGIN (implicit)
2026-09-13 10:52:31 | INFO | sqlalchemy.engine.Engine | BEGIN (implicit)
2026-09-13 10:52:31,050 INFO sqlalchemy.engine.Engine SELECT analyses.id, analyses.location_id, analyses.start_date, analyses.end_date, analyses.analysis_type, analyses.temporal_resolution, analyses.status, analyses.error_message, analyses.completed_at, analyses.result_data, analyses.created_at, analyses.updated_at 
FROM analyses ORDER BY analyses.created_at DESC 
 LIMIT $1::INTEGER OFFSET $2::INTEGER
2026-09-13 10:52:31 | INFO | sqlalchemy.engine.Engine | SELECT analyses.id, analyses.location_id, analyses.start_date, analyses.end_date, analyses.analysis_type, analyses.temporal_resolution, analyses.status, analyses.error_message, analyses.completed_at, analyses.result_data, analyses.created_at, analyses.updated_at 
FROM analyses ORDER BY analyses.created_at DESC 
 LIMIT $1::INTEGER OFFSET $2::INTEGER
2026-09-13 10:52:31,051 INFO sqlalchemy.engine.Engine [cached since 30.99s ago] (10, 0)
2026-09-13 10:52:31 | INFO | sqlalchemy.engine.Engine | [cached since 30.99s ago] (10, 0)
2026-09-13 10:52:31,055 INFO sqlalchemy.engine.Engine COMMIT
2026-09-13 10:52:31 | INFO | sqlalchemy.engine.Engine | COMMIT
INFO:     127.0.0.1:56915 - "GET /api/v1/analyses?skip=0&limit=10 HTTP/1.1" 200 OK
2026-09-13 10:52:38 | ERROR | app.services.earth_engine.authentication | Earth Engine initialization failed: ('invalid_grant: Invalid JWT Signature.', {'error': 'invalid_grant', 'error_description': 'Invalid JWT Signature.'})
INFO:     127.0.0.1:56909 - "GET /api/v1/health/earth-engine HTTP/1.1" 200 OK
2026-09-13 10:52:39 | ERROR | app.services.earth_engine.authentication | Earth Engine initialization failed: ('invalid_grant: Invalid JWT Signature.', {'error': 'invalid_grant', 'error_description': 'Invalid JWT Signature.'})
INFO:     127.0.0.1:56928 - "GET /api/v1/health/earth-engine HTTP/1.1" 200 OK
2026-09-13 10:52:43 | ERROR | app.services.earth_engine.authentication | Earth Engine initialization failed: ('invalid_grant: Invalid JWT Signature.', {'error': 'invalid_grant', 'error_description': 'Invalid JWT Signature.'})
INFO:     127.0.0.1:56934 - "GET /api/v1/health/earth-engine HTTP/1.1" 200 OK
2026-09-13 10:52:44 | ERROR | app.services.earth_engine.authentication | Earth Engine initialization failed: ('invalid_grant: Invalid JWT Signature.', {'error': 'invalid_grant', 'error_description': 'Invalid JWT Signature.'})
INFO:     127.0.0.1:56950 - "GET /api/v1/health/earth-engine HTTP/1.1" 200 OK
2026-09-13 12:06:56,764 INFO sqlalchemy.engine.Engine BEGIN (implicit)
2026-09-13 12:06:56 | INFO | sqlalchemy.engine.Engine | BEGIN (implicit)
2026-09-13 12:06:56,794 INFO sqlalchemy.engine.Engine SELECT analyses.id, analyses.location_id, analyses.start_date, analyses.end_date, analyses.analysis_type, analyses.temporal_resolution, analyses.status, analyses.error_message, analyses.completed_at, analyses.result_data, analyses.created_at, analyses.updated_at 
FROM analyses ORDER BY analyses.created_at DESC 
 LIMIT $1::INTEGER OFFSET $2::INTEGER
2026-09-13 12:06:56 | INFO | sqlalchemy.engine.Engine | SELECT analyses.id, analyses.location_id, analyses.start_date, analyses.end_date, analyses.analysis_type, analyses.temporal_resolution, analyses.status, analyses.error_message, analyses.completed_at, analyses.result_data, analyses.created_at, analyses.updated_at 
FROM analyses ORDER BY analyses.created_at DESC 
 LIMIT $1::INTEGER OFFSET $2::INTEGER
2026-09-13 12:06:56,797 INFO sqlalchemy.engine.Engine [cached since 4497s ago] (50, 0)
2026-09-13 12:06:56 | INFO | sqlalchemy.engine.Engine | [cached since 4497s ago] (50, 0)
2026-09-13 12:06:56,959 INFO sqlalchemy.engine.Engine COMMIT
2026-09-13 12:06:56 | INFO | sqlalchemy.engine.Engine | COMMIT
INFO:     127.0.0.1:49279 - "GET /api/v1/analyses?skip=0&limit=50 HTTP/1.1" 200 OK
2026-09-13 12:06:56,990 INFO sqlalchemy.engine.Engine BEGIN (implicit)
2026-09-13 12:06:56 | INFO | sqlalchemy.engine.Engine | BEGIN (implicit)
2026-09-13 12:06:56,991 INFO sqlalchemy.engine.Engine SELECT analyses.id, analyses.location_id, analyses.start_date, analyses.end_date, analyses.analysis_type, analyses.temporal_resolution, analyses.status, analyses.error_message, analyses.completed_at, analyses.result_data, analyses.created_at, analyses.updated_at 
FROM analyses ORDER BY analyses.created_at DESC 
 LIMIT $1::INTEGER OFFSET $2::INTEGER
2026-09-13 12:06:56 | INFO | sqlalchemy.engine.Engine | SELECT analyses.id, analyses.location_id, analyses.start_date, analyses.end_date, analyses.analysis_type, analyses.temporal_resolution, analyses.status, analyses.error_message, analyses.completed_at, analyses.result_data, analyses.created_at, analyses.updated_at 
FROM analyses ORDER BY analyses.created_at DESC 
 LIMIT $1::INTEGER OFFSET $2::INTEGER
2026-09-13 12:06:56,992 INFO sqlalchemy.engine.Engine [cached since 4497s ago] (50, 0)
2026-09-13 12:06:56 | INFO | sqlalchemy.engine.Engine | [cached since 4497s ago] (50, 0)
2026-09-13 12:06:56,998 INFO sqlalchemy.engine.Engine COMMIT
2026-09-13 12:06:56 | INFO | sqlalchemy.engine.Engine | COMMIT
INFO:     127.0.0.1:49282 - "GET /api/v1/analyses?skip=0&limit=50 HTTP/1.1" 200 OK
2026-09-13 12:06:59 | ERROR | app.services.earth_engine.authentication | Earth Engine initialization failed: ('invalid_grant: Invalid JWT Signature.', {'error': 'invalid_grant', 'error_description': 'Invalid JWT Signature.'})
INFO:     127.0.0.1:49286 - "GET /api/v1/health/earth-engine HTTP/1.1" 200 OK
2026-09-13 12:06:59,529 INFO sqlalchemy.engine.Engine BEGIN (implicit)
2026-09-13 12:06:59 | INFO | sqlalchemy.engine.Engine | BEGIN (implicit)
2026-09-13 12:06:59,530 INFO sqlalchemy.engine.Engine SELECT analyses.id, analyses.location_id, analyses.start_date, analyses.end_date, analyses.analysis_type, analyses.temporal_resolution, analyses.status, analyses.error_message, analyses.completed_at, analyses.result_data, analyses.created_at, analyses.updated_at 
FROM analyses ORDER BY analyses.created_at DESC 
 LIMIT $1::INTEGER OFFSET $2::INTEGER
2026-09-13 12:06:59 | INFO | sqlalchemy.engine.Engine | SELECT analyses.id, analyses.location_id, analyses.start_date, analyses.end_date, analyses.analysis_type, analyses.temporal_resolution, analyses.status, analyses.error_message, analyses.completed_at, analyses.result_data, analyses.created_at, analyses.updated_at 
FROM analyses ORDER BY analyses.created_at DESC 
 LIMIT $1::INTEGER OFFSET $2::INTEGER
2026-09-13 12:06:59,532 INFO sqlalchemy.engine.Engine [cached since 4499s ago] (50, 0)
2026-09-13 12:06:59 | INFO | sqlalchemy.engine.Engine | [cached since 4499s ago] (50, 0)
2026-09-13 12:06:59,539 INFO sqlalchemy.engine.Engine COMMIT
2026-09-13 12:06:59 | INFO | sqlalchemy.engine.Engine | COMMIT
INFO:     127.0.0.1:49295 - "GET /api/v1/analyses?skip=0&limit=50 HTTP/1.1" 200 OK
2026-09-13 12:06:59,585 INFO sqlalchemy.engine.Engine BEGIN (implicit)
2026-09-13 12:06:59 | INFO | sqlalchemy.engine.Engine | BEGIN (implicit)
2026-09-13 12:06:59,587 INFO sqlalchemy.engine.Engine SELECT analyses.id, analyses.location_id, analyses.start_date, analyses.end_date, analyses.analysis_type, analyses.temporal_resolution, analyses.status, analyses.error_message, analyses.completed_at, analyses.result_data, analyses.created_at, analyses.updated_at 
FROM analyses ORDER BY analyses.created_at DESC 
 LIMIT $1::INTEGER OFFSET $2::INTEGER
2026-09-13 12:06:59 | INFO | sqlalchemy.engine.Engine | SELECT analyses.id, analyses.location_id, analyses.start_date, analyses.end_date, analyses.analysis_type, analyses.temporal_resolution, analyses.status, analyses.error_message, analyses.completed_at, analyses.result_data, analyses.created_at, analyses.updated_at 
FROM analyses ORDER BY analyses.created_at DESC 
 LIMIT $1::INTEGER OFFSET $2::INTEGER
2026-09-13 12:06:59,588 INFO sqlalchemy.engine.Engine [cached since 4500s ago] (50, 0)
2026-09-13 12:06:59 | INFO | sqlalchemy.engine.Engine | [cached since 4500s ago] (50, 0)
2026-09-13 12:06:59,762 INFO sqlalchemy.engine.Engine COMMIT
2026-09-13 12:06:59 | INFO | sqlalchemy.engine.Engine | COMMIT
INFO:     127.0.0.1:49300 - "GET /api/v1/analyses?skip=0&limit=50 HTTP/1.1" 200 OK
2026-09-13 12:07:03 | ERROR | app.services.earth_engine.authentication | Earth Engine initialization failed: ('invalid_grant: Invalid JWT Signature.', {'error': 'invalid_grant', 'error_description': 'Invalid JWT Signature.'})
INFO:     127.0.0.1:49298 - "GET /api/v1/health/earth-engine HTTP/1.1" 200 OK
 2026-09-13 12:23:34,281 INFO sqlalchemy.engine.Engine BEGIN (implicit)
2026-09-13 12:23:34 | INFO | sqlalchemy.engine.Engine | BEGIN (implicit)
2026-09-13 12:23:34,350 INFO sqlalchemy.engine.Engine SELECT analyses.id, analyses.location_id, analyses.start_date, analyses.end_date, analyses.analysis_type, analyses.temporal_resolution, analyses.status, analyses.error_message, analyses.completed_at, analyses.result_data, analyses.created_at, analyses.updated_at 
FROM analyses ORDER BY analyses.created_at DESC 
 LIMIT $1::INTEGER OFFSET $2::INTEGER
2026-09-13 12:23:34 | INFO | sqlalchemy.engine.Engine | SELECT analyses.id, analyses.location_id, analyses.start_date, analyses.end_date, analyses.analysis_type, analyses.temporal_resolution, analyses.status, analyses.error_message, analyses.completed_at, analyses.result_data, analyses.created_at, analyses.updated_at 
FROM analyses ORDER BY analyses.created_at DESC 
 LIMIT $1::INTEGER OFFSET $2::INTEGER
2026-09-13 12:23:34,355 INFO sqlalchemy.engine.Engine [cached since 5494s ago] (50, 0)
2026-09-13 12:23:34 | INFO | sqlalchemy.engine.Engine | [cached since 5494s ago] (50, 0)
2026-09-13 12:23:34,691 INFO sqlalchemy.engine.Engine COMMIT
2026-09-13 12:23:34 | INFO | sqlalchemy.engine.Engine | COMMIT
INFO:     127.0.0.1:51891 - "GET /api/v1/analyses?skip=0&limit=50 HTTP/1.1" 200 OK
2026-09-13 12:23:34,736 INFO sqlalchemy.engine.Engine BEGIN (implicit)
2026-09-13 12:23:34 | INFO | sqlalchemy.engine.Engine | BEGIN (implicit)
2026-09-13 12:23:34,737 INFO sqlalchemy.engine.Engine SELECT analyses.id, analyses.location_id, analyses.start_date, analyses.end_date, analyses.analysis_type, analyses.temporal_resolution, analyses.status, analyses.error_message, analyses.completed_at, analyses.result_data, analyses.created_at, analyses.updated_at 
FROM analyses ORDER BY analyses.created_at DESC 
 LIMIT $1::INTEGER OFFSET $2::INTEGER
2026-09-13 12:23:34 | INFO | sqlalchemy.engine.Engine | SELECT analyses.id, analyses.location_id, analyses.start_date, analyses.end_date, analyses.analysis_type, analyses.temporal_resolution, analyses.status, analyses.error_message, analyses.completed_at, analyses.result_data, analyses.created_at, analyses.updated_at 
FROM analyses ORDER BY analyses.created_at DESC 
 LIMIT $1::INTEGER OFFSET $2::INTEGER
2026-09-13 12:23:34,738 INFO sqlalchemy.engine.Engine [cached since 5495s ago] (50, 0)
2026-09-13 12:23:34 | INFO | sqlalchemy.engine.Engine | [cached since 5495s ago] (50, 0)
2026-09-13 12:23:34,743 INFO sqlalchemy.engine.Engine COMMIT
2026-09-13 12:23:34 | INFO | sqlalchemy.engine.Engine | COMMIT
INFO:     127.0.0.1:51893 - "GET /api/v1/analyses?skip=0&limit=50 HTTP/1.1" 200 OK
2026-09-13 12:23:36,757 INFO sqlalchemy.engine.Engine BEGIN (implicit)
2026-09-13 12:23:36 | INFO | sqlalchemy.engine.Engine | BEGIN (implicit)
2026-09-13 12:23:36,780 INFO sqlalchemy.engine.Engine SELECT analyses.id, analyses.location_id, analyses.start_date, analyses.end_date, analyses.analysis_type, analyses.temporal_resolution, analyses.status, analyses.error_message, analyses.completed_at, analyses.result_data, analyses.created_at, analyses.updated_at 
FROM analyses ORDER BY analyses.created_at DESC 
 LIMIT $1::INTEGER OFFSET $2::INTEGER
2026-09-13 12:23:36 | INFO | sqlalchemy.engine.Engine | SELECT analyses.id, analyses.location_id, analyses.start_date, analyses.end_date, analyses.analysis_type, analyses.temporal_resolution, analyses.status, analyses.error_message, analyses.completed_at, analyses.result_data, analyses.created_at, analyses.updated_at 
FROM analyses ORDER BY analyses.created_at DESC 
 LIMIT $1::INTEGER OFFSET $2::INTEGER
2026-09-13 12:23:36,782 INFO sqlalchemy.engine.Engine [cached since 5497s ago] (10, 0)
2026-09-13 12:23:36 | INFO | sqlalchemy.engine.Engine | [cached since 5497s ago] (10, 0)
2026-09-13 12:23:37,052 INFO sqlalchemy.engine.Engine COMMIT
2026-09-13 12:23:37 | INFO | sqlalchemy.engine.Engine | COMMIT
INFO:     127.0.0.1:51901 - "GET /api/v1/analyses?skip=0&limit=10 HTTP/1.1" 200 OK
2026-09-13 12:23:37,173 INFO sqlalchemy.engine.Engine BEGIN (implicit)
2026-09-13 12:23:37 | INFO | sqlalchemy.engine.Engine | BEGIN (implicit)
2026-09-13 12:23:37,174 INFO sqlalchemy.engine.Engine SELECT analyses.id, analyses.location_id, analyses.start_date, analyses.end_date, analyses.analysis_type, analyses.temporal_resolution, analyses.status, analyses.error_message, analyses.completed_at, analyses.result_data, analyses.created_at, analyses.updated_at 
FROM analyses ORDER BY analyses.created_at DESC 
 LIMIT $1::INTEGER OFFSET $2::INTEGER
2026-09-13 12:23:37 | INFO | sqlalchemy.engine.Engine | SELECT analyses.id, analyses.location_id, analyses.start_date, analyses.end_date, analyses.analysis_type, analyses.temporal_resolution, analyses.status, analyses.error_message, analyses.completed_at, analyses.result_data, analyses.created_at, analyses.updated_at 
FROM analyses ORDER BY analyses.created_at DESC 
 LIMIT $1::INTEGER OFFSET $2::INTEGER
2026-09-13 12:23:37,185 INFO sqlalchemy.engine.Engine [cached since 5497s ago] (10, 0)
2026-09-13 12:23:37 | INFO | sqlalchemy.engine.Engine | [cached since 5497s ago] (10, 0)
2026-09-13 12:23:37,220 INFO sqlalchemy.engine.Engine COMMIT
2026-09-13 12:23:37 | INFO | sqlalchemy.engine.Engine | COMMIT
INFO:     127.0.0.1:51903 - "GET /api/v1/analyses?skip=0&limit=10 HTTP/1.1" 200 OK
2026-09-13 12:23:53 | ERROR | app.services.earth_engine.authentication | Earth Engine initialization failed: ('invalid_grant: Invalid JWT Signature.', {'error': 'invalid_grant', 'error_description': 'Invalid JWT Signature.'})
INFO:     127.0.0.1:51899 - "GET /api/v1/health/earth-engine HTTP/1.1" 200 OK
2026-09-13 12:23:54 | ERROR | app.services.earth_engine.authentication | Earth Engine initialization failed: ('invalid_grant: Invalid JWT Signature.', {'error': 'invalid_grant', 'error_description': 'Invalid JWT Signature.'})
INFO:     127.0.0.1:51946 - "GET /api/v1/health/earth-engine HTTP/1.1" 200 OK
2026-09-13 12:24:01 | ERROR | app.services.earth_engine.authentication | Earth Engine initialization failed: ('invalid_grant: Invalid JWT Signature.', {'error': 'invalid_grant', 'error_description': 'Invalid JWT Signature.'})
INFO:     127.0.0.1:51968 - "GET /api/v1/health/earth-engine HTTP/1.1" 200 OK
2026-09-13 12:24:03 | ERROR | app.services.earth_engine.authentication | Earth Engine initialization failed: ('invalid_grant: Invalid JWT Signature.', {'error': 'invalid_grant', 'error_description': 'Invalid JWT Signature.'})
INFO:     127.0.0.1:51973 - "GET /api/v1/health/earth-engine HTTP/1.1" 200 OK
2026-09-13 12:24:06 | ERROR | app.services.earth_engine.authentication | Earth Engine initialization failed: ('invalid_grant: Invalid JWT Signature.', {'error': 'invalid_grant', 'error_description': 'Invalid JWT Signature.'})
INFO:     127.0.0.1:51988 - "GET /api/v1/health/earth-engine HTTP/1.1" 200 OK
2026-09-14 07:39:49 | ERROR | app.services.earth_engine.authentication | Earth Engine initialization failed: ('invalid_grant: Invalid JWT Signature.', {'error': 'invalid_grant', 'error_description': 'Invalid JWT Signature.'})
INFO:     127.0.0.1:51019 - "GET /api/v1/health/earth-engine HTTP/1.1" 200 OK
2026-09-14 08:19:08 | ERROR | app.services.earth_engine.authentication | Earth Engine initialization failed: ('invalid_grant: Invalid JWT Signature.', {'error': 'invalid_grant', 'error_description': 'Invalid JWT Signature.'})
INFO:     127.0.0.1:58803 - "GET /api/v1/health/earth-engine HTTP/1.1" 200 OK
2026-09-17 12:23:49,518 INFO sqlalchemy.engine.Engine BEGIN (implicit)
2026-09-17 12:23:49 | INFO | sqlalchemy.engine.Engine | BEGIN (implicit)
2026-09-17 12:23:49,728 INFO sqlalchemy.engine.Engine SELECT analyses.id, analyses.location_id, analyses.start_date, analyses.end_date, analyses.analysis_type, analyses.temporal_resolution, analyses.status, analyses.error_message, analyses.completed_at, analyses.result_data, analyses.created_at, analyses.updated_at 
FROM analyses ORDER BY analyses.created_at DESC 
 LIMIT $1::INTEGER OFFSET $2::INTEGER
2026-09-17 12:23:49 | INFO | sqlalchemy.engine.Engine | SELECT analyses.id, analyses.location_id, analyses.start_date, analyses.end_date, analyses.analysis_type, analyses.temporal_resolution, analyses.status, analyses.error_message, analyses.completed_at, analyses.result_data, analyses.created_at, analyses.updated_at 
FROM analyses ORDER BY analyses.created_at DESC 
 LIMIT $1::INTEGER OFFSET $2::INTEGER
2026-09-17 12:23:49,756 INFO sqlalchemy.engine.Engine [cached since 3.512e+05s ago] (10, 0)
2026-09-17 12:23:49 | INFO | sqlalchemy.engine.Engine | [cached since 3.512e+05s ago] (10, 0)
2026-09-17 12:23:49 | ERROR | app.main | Unhandled exception: (sqlalchemy.dialects.postgresql.asyncpg.InterfaceError) <class 'asyncpg.exceptions._base.InterfaceError'>: connection is closed
[SQL: SELECT analyses.id, analyses.location_id, analyses.start_date, analyses.end_date, analyses.analysis_type, analyses.temporal_resolution, analyses.status, analyses.error_message, analyses.completed_at, analyses.result_data, analyses.created_at, analyses.updated_at 
FROM analyses ORDER BY analyses.created_at DESC 
 LIMIT $1::INTEGER OFFSET $2::INTEGER]
[parameters: (10, 0)]
(Background on this error at: https://sqlalche.me/e/20/rvf5)
INFO:     127.0.0.1:59547 - "GET /api/v1/analyses?skip=0&limit=10 HTTP/1.1" 500 Internal Server Error
2026-09-17 12:23:50,687 INFO sqlalchemy.engine.Engine BEGIN (implicit)
2026-09-17 12:23:50 | INFO | sqlalchemy.engine.Engine | BEGIN (implicit)
2026-09-17 12:23:50,690 INFO sqlalchemy.engine.Engine SELECT analyses.id, analyses.location_id, analyses.start_date, analyses.end_date, analyses.analysis_type, analyses.temporal_resolution, analyses.status, analyses.error_message, analyses.completed_at, analyses.result_data, analyses.created_at, analyses.updated_at 
FROM analyses ORDER BY analyses.created_at DESC 
 LIMIT $1::INTEGER OFFSET $2::INTEGER
2026-09-17 12:23:50 | INFO | sqlalchemy.engine.Engine | SELECT analyses.id, analyses.location_id, analyses.start_date, analyses.end_date, analyses.analysis_type, analyses.temporal_resolution, analyses.status, analyses.error_message, analyses.completed_at, analyses.result_data, analyses.created_at, analyses.updated_at 
FROM analyses ORDER BY analyses.created_at DESC 
 LIMIT $1::INTEGER OFFSET $2::INTEGER
2026-09-17 12:23:50,691 INFO sqlalchemy.engine.Engine [cached since 3.512e+05s ago] (10, 0)
2026-09-17 12:23:50 | INFO | sqlalchemy.engine.Engine | [cached since 3.512e+05s ago] (10, 0)
2026-09-17 12:23:50,794 INFO sqlalchemy.engine.Engine COMMIT
2026-09-17 12:23:50 | INFO | sqlalchemy.engine.Engine | COMMIT
INFO:     127.0.0.1:59552 - "GET /api/v1/analyses?skip=0&limit=10 HTTP/1.1" 200 OK
2026-09-17 12:23:57 | INFO | app.services.earth_engine.authentication | Earth Engine initialized (project=proverbial-will-507706-e1, auth=service_account)
INFO:     127.0.0.1:59546 - "GET /api/v1/health/earth-engine HTTP/1.1" 200 OK
INFO:     127.0.0.1:59768 - "GET /api/v1/health/earth-engine HTTP/1.1" 200 OK
2026-09-17 12:38:10,997 INFO sqlalchemy.engine.Engine BEGIN (implicit)
2026-09-17 12:38:10 | INFO | sqlalchemy.engine.Engine | BEGIN (implicit)
2026-09-17 12:38:11,044 INFO sqlalchemy.engine.Engine SELECT analyses.id, analyses.location_id, analyses.start_date, analyses.end_date, analyses.analysis_type, analyses.temporal_resolution, analyses.status, analyses.error_message, analyses.completed_at, analyses.result_data, analyses.created_at, analyses.updated_at 
FROM analyses ORDER BY analyses.created_at DESC 
 LIMIT $1::INTEGER OFFSET $2::INTEGER
2026-09-17 12:38:11 | INFO | sqlalchemy.engine.Engine | SELECT analyses.id, analyses.location_id, analyses.start_date, analyses.end_date, analyses.analysis_type, analyses.temporal_resolution, analyses.status, analyses.error_message, analyses.completed_at, analyses.result_data, analyses.created_at, analyses.updated_at 
FROM analyses ORDER BY analyses.created_at DESC 
 LIMIT $1::INTEGER OFFSET $2::INTEGER
2026-09-17 12:38:11,046 INFO sqlalchemy.engine.Engine [cached since 3.521e+05s ago] (10, 0)
2026-09-17 12:38:11 | INFO | sqlalchemy.engine.Engine | [cached since 3.521e+05s ago] (10, 0)
2026-09-17 12:38:11,281 INFO sqlalchemy.engine.Engine COMMIT
2026-09-17 12:38:11 | INFO | sqlalchemy.engine.Engine | COMMIT
INFO:     127.0.0.1:60499 - "GET /api/v1/analyses?skip=0&limit=10 HTTP/1.1" 200 OK
2026-09-17 12:38:11,362 INFO sqlalchemy.engine.Engine BEGIN (implicit)
2026-09-17 12:38:11 | INFO | sqlalchemy.engine.Engine | BEGIN (implicit)
2026-09-17 12:38:11,366 INFO sqlalchemy.engine.Engine SELECT analyses.id, analyses.location_id, analyses.start_date, analyses.end_date, analyses.analysis_type, analyses.temporal_resolution, analyses.status, analyses.error_message, analyses.completed_at, analyses.result_data, analyses.created_at, analyses.updated_at 
FROM analyses ORDER BY analyses.created_at DESC 
 LIMIT $1::INTEGER OFFSET $2::INTEGER
2026-09-17 12:38:11 | INFO | sqlalchemy.engine.Engine | SELECT analyses.id, analyses.location_id, analyses.start_date, analyses.end_date, analyses.analysis_type, analyses.temporal_resolution, analyses.status, analyses.error_message, analyses.completed_at, analyses.result_data, analyses.created_at, analyses.updated_at 
FROM analyses ORDER BY analyses.created_at DESC 
 LIMIT $1::INTEGER OFFSET $2::INTEGER
2026-09-17 12:38:11,371 INFO sqlalchemy.engine.Engine [cached since 3.521e+05s ago] (10, 0)
2026-09-17 12:38:11 | INFO | sqlalchemy.engine.Engine | [cached since 3.521e+05s ago] (10, 0)
2026-09-17 12:38:11,460 INFO sqlalchemy.engine.Engine COMMIT
2026-09-17 12:38:11 | INFO | sqlalchemy.engine.Engine | COMMIT
INFO:     127.0.0.1:60507 - "GET /api/v1/analyses?skip=0&limit=10 HTTP/1.1" 200 OK
INFO:     127.0.0.1:60501 - "GET /api/v1/health/earth-engine HTTP/1.1" 200 OK
INFO:     127.0.0.1:60513 - "GET /api/v1/health/earth-engine HTTP/1.1" 200 OK
INFO:     127.0.0.1:60838 - "GET /api/v1/health/earth-engine HTTP/1.1" 200 OK
INFO:     127.0.0.1:60850 - "GET /api/v1/health/earth-engine HTTP/1.1" 200 OK
INFO:     127.0.0.1:60855 - "GET /api/v1/health/earth-engine HTTP/1.1" 200 OK
2026-09-17 12:43:35,377 INFO sqlalchemy.engine.Engine BEGIN (implicit)
2026-09-17 12:43:35 | INFO | sqlalchemy.engine.Engine | BEGIN (implicit)
2026-09-17 12:43:35,565 INFO sqlalchemy.engine.Engine INSERT INTO locations (id, name, geometry, latitude, longitude, area_sq_meters, centroid_lat, centroid_lng, geometry_type) VALUES ($1::UUID, $2::VARCHAR, $3::JSONB, $4::FLOAT, $5::FLOAT, $6::FLOAT, $7::FLOAT, $8::FLOAT, $9::VARCHAR) RETURNING locations.created_at, locations.updated_at
2026-09-17 12:43:35 | INFO | sqlalchemy.engine.Engine | INSERT INTO locations (id, name, geometry, latitude, longitude, area_sq_meters, centroid_lat, centroid_lng, geometry_type) VALUES ($1::UUID, $2::VARCHAR, $3::JSONB, $4::FLOAT, $5::FLOAT, $6::FLOAT, $7::FLOAT, $8::FLOAT, $9::VARCHAR) RETURNING locations.created_at, locations.updated_at
2026-09-17 12:43:35,567 INFO sqlalchemy.engine.Engine [generated in 0.00815s] (UUID('fcf6af3e-ece4-4110-a7fc-cf690c438055'), None, '{"type": "Point", "coordinates": [53.688, 32.4279]}', 32.4279, 53.688, None, 32.4279, 53.688, 'Point')
2026-09-17 12:43:35 | INFO | sqlalchemy.engine.Engine | [generated in 0.00815s] (UUID('fcf6af3e-ece4-4110-a7fc-cf690c438055'), None, '{"type": "Point", "coordinates": [53.688, 32.4279]}', 32.4279, 53.688, None, 32.4279, 53.688, 'Point')
2026-09-17 12:43:35,862 INFO sqlalchemy.engine.Engine INSERT INTO analyses (id, location_id, start_date, end_date, analysis_type, temporal_resolution, status, error_message, completed_at) VALUES ($1::UUID, $2::UUID, $3::VARCHAR, $4::VARCHAR, $5::VARCHAR, $6::VARCHAR, $7::VARCHAR, $8::VARCHAR, $9::TIMESTAMP WITH TIME ZONE) RETURNING analyses.created_at, analyses.updated_at
2026-09-17 12:43:35 | INFO | sqlalchemy.engine.Engine | INSERT INTO analyses (id, location_id, start_date, end_date, analysis_type, temporal_resolution, status, error_message, completed_at) VALUES ($1::UUID, $2::UUID, $3::VARCHAR, $4::VARCHAR, $5::VARCHAR, $6::VARCHAR, $7::VARCHAR, $8::VARCHAR, $9::TIMESTAMP WITH TIME ZONE) RETURNING analyses.created_at, analyses.updated_at
2026-09-17 12:43:35,863 INFO sqlalchemy.engine.Engine [generated in 0.00114s] (UUID('3e311bc6-ffd1-4786-b21b-ef2b0c5ca196'), UUID('fcf6af3e-ece4-4110-a7fc-cf690c438055'), '2025-06-01', '2025-09-01', 'complete', 'monthly', 'running', None, None)
2026-09-17 12:43:35 | INFO | sqlalchemy.engine.Engine | [generated in 0.00114s] (UUID('3e311bc6-ffd1-4786-b21b-ef2b0c5ca196'), UUID('fcf6af3e-ece4-4110-a7fc-cf690c438055'), '2025-06-01', '2025-09-01', 'complete', 'monthly', 'running', None, None)
2026-09-17 12:43:36 | INFO | app.services.analysis_service | Creating analysis 49f51e23-8909-4a7c-bf62-9629351b5870: complete
2026-09-17 12:43:36 | INFO | app.services.earth_engine.statistics | Computing vegetation analysis: 2025-06-01 to 2025-09-01
2026-09-17 12:43:52,594 INFO sqlalchemy.engine.Engine UPDATE analyses SET status=$1::VARCHAR, error_message=$2::VARCHAR, completed_at=$3::TIMESTAMP WITH TIME ZONE, result_data=$4::JSONB, updated_at=now() WHERE analyses.id = $5::UUID
2026-09-17 12:43:52 | INFO | sqlalchemy.engine.Engine | UPDATE analyses SET status=$1::VARCHAR, error_message=$2::VARCHAR, completed_at=$3::TIMESTAMP WITH TIME ZONE, result_data=$4::JSONB, updated_at=now() WHERE analyses.id = $5::UUID
2026-09-17 12:43:52,595 INFO sqlalchemy.engine.Engine [generated in 0.00138s] ('completed', None, datetime.datetime(2026, 9, 17, 9, 13, 52, 575606), '{"status": "completed", "data_quality": "good", "image_count": 46, "date_range": {"start": "2025-06-01", "end": "2025-09-01"}, "statistics": {"NDVI": ... (1150 characters truncated) ... tation_health": "bare", "interpretation": "Minimal vegetation detected (NDVI=0.056). Field may be fallow, harvested, or experiencing severe stress."}', UUID('3e311bc6-ffd1-4786-b21b-ef2b0c5ca196'))
2026-09-17 12:43:52 | INFO | sqlalchemy.engine.Engine | [generated in 0.00138s] ('completed', None, datetime.datetime(2026, 9, 17, 9, 13, 52, 575606), '{"status": "completed", "data_quality": "good", "image_count": 46, "date_range": {"start": "2025-06-01", "end": "2025-09-01"}, "statistics": {"NDVI": ... (1150 characters truncated) ... tation_health": "bare", "interpretation": "Minimal vegetation detected (NDVI=0.056). Field may be fallow, harvested, or experiencing severe stress."}', UUID('3e311bc6-ffd1-4786-b21b-ef2b0c5ca196'))
2026-09-17 12:43:52,662 INFO sqlalchemy.engine.Engine SELECT analyses.id, analyses.location_id, analyses.start_date, analyses.end_date, analyses.analysis_type, analyses.temporal_resolution, analyses.status, analyses.error_message, analyses.completed_at, analyses.result_data, analyses.created_at, analyses.updated_at 
FROM analyses 
WHERE analyses.id = $1::UUID
2026-09-17 12:43:52 | INFO | sqlalchemy.engine.Engine | SELECT analyses.id, analyses.location_id, analyses.start_date, analyses.end_date, analyses.analysis_type, analyses.temporal_resolution, analyses.status, analyses.error_message, analyses.completed_at, analyses.result_data, analyses.created_at, analyses.updated_at 
FROM analyses 
WHERE analyses.id = $1::UUID
2026-09-17 12:43:52,663 INFO sqlalchemy.engine.Engine [generated in 0.00108s] (UUID('3e311bc6-ffd1-4786-b21b-ef2b0c5ca196'),)
2026-09-17 12:43:52 | INFO | sqlalchemy.engine.Engine | [generated in 0.00108s] (UUID('3e311bc6-ffd1-4786-b21b-ef2b0c5ca196'),)
2026-09-17 12:43:52,700 INFO sqlalchemy.engine.Engine SELECT dataset_usages.id AS dataset_usages_id, dataset_usages.analysis_id AS dataset_usages_analysis_id, dataset_usages.dataset_id AS dataset_usages_dataset_id, dataset_usages.variable AS dataset_usages_variable, dataset_usages.resolution AS dataset_usages_resolution, dataset_usages.date_range AS dataset_usages_date_range, dataset_usages.metadata AS dataset_usages_metadata, dataset_usages.created_at AS dataset_usages_created_at, dataset_usages.updated_at AS dataset_usages_updated_at 
FROM dataset_usages 
WHERE $1::UUID = dataset_usages.analysis_id
2026-09-17 12:43:52 | INFO | sqlalchemy.engine.Engine | SELECT dataset_usages.id AS dataset_usages_id, dataset_usages.analysis_id AS dataset_usages_analysis_id, dataset_usages.dataset_id AS dataset_usages_dataset_id, dataset_usages.variable AS dataset_usages_variable, dataset_usages.resolution AS dataset_usages_resolution, dataset_usages.date_range AS dataset_usages_date_range, dataset_usages.metadata AS dataset_usages_metadata, dataset_usages.created_at AS dataset_usages_created_at, dataset_usages.updated_at AS dataset_usages_updated_at 
FROM dataset_usages 
WHERE $1::UUID = dataset_usages.analysis_id
2026-09-17 12:43:52,701 INFO sqlalchemy.engine.Engine [generated in 0.00148s] (UUID('3e311bc6-ffd1-4786-b21b-ef2b0c5ca196'),)
2026-09-17 12:43:52 | INFO | sqlalchemy.engine.Engine | [generated in 0.00148s] (UUID('3e311bc6-ffd1-4786-b21b-ef2b0c5ca196'),)
2026-09-17 12:43:52,721 INFO sqlalchemy.engine.Engine SELECT timeseries.id AS timeseries_id, timeseries.analysis_id AS timeseries_analysis_id, timeseries.date AS timeseries_date, timeseries.variable AS timeseries_variable, timeseries.value AS timeseries_value, timeseries.metadata AS timeseries_metadata, timeseries.created_at AS timeseries_created_at, timeseries.updated_at AS timeseries_updated_at 
FROM timeseries 
WHERE $1::UUID = timeseries.analysis_id
2026-09-17 12:43:52 | INFO | sqlalchemy.engine.Engine | SELECT timeseries.id AS timeseries_id, timeseries.analysis_id AS timeseries_analysis_id, timeseries.date AS timeseries_date, timeseries.variable AS timeseries_variable, timeseries.value AS timeseries_value, timeseries.metadata AS timeseries_metadata, timeseries.created_at AS timeseries_created_at, timeseries.updated_at AS timeseries_updated_at 
FROM timeseries 
WHERE $1::UUID = timeseries.analysis_id
2026-09-17 12:43:52,722 INFO sqlalchemy.engine.Engine [generated in 0.00091s] (UUID('3e311bc6-ffd1-4786-b21b-ef2b0c5ca196'),)
2026-09-17 12:43:52 | INFO | sqlalchemy.engine.Engine | [generated in 0.00091s] (UUID('3e311bc6-ffd1-4786-b21b-ef2b0c5ca196'),)
2026-09-17 12:43:52,752 INFO sqlalchemy.engine.Engine SELECT reports.id AS reports_id, reports.analysis_id AS reports_analysis_id, reports.file_path AS reports_file_path, reports.report_type AS reports_report_type, reports.created_at AS reports_created_at, reports.updated_at AS reports_updated_at 
FROM reports 
WHERE $1::UUID = reports.analysis_id
2026-09-17 12:43:52 | INFO | sqlalchemy.engine.Engine | SELECT reports.id AS reports_id, reports.analysis_id AS reports_analysis_id, reports.file_path AS reports_file_path, reports.report_type AS reports_report_type, reports.created_at AS reports_created_at, reports.updated_at AS reports_updated_at 
FROM reports 
WHERE $1::UUID = reports.analysis_id
2026-09-17 12:43:52,754 INFO sqlalchemy.engine.Engine [generated in 0.00086s] (UUID('3e311bc6-ffd1-4786-b21b-ef2b0c5ca196'),)
2026-09-17 12:43:52 | INFO | sqlalchemy.engine.Engine | [generated in 0.00086s] (UUID('3e311bc6-ffd1-4786-b21b-ef2b0c5ca196'),)
2026-09-17 12:43:52,791 INFO sqlalchemy.engine.Engine COMMIT
2026-09-17 12:43:52 | INFO | sqlalchemy.engine.Engine | COMMIT
INFO:     127.0.0.1:60910 - "POST /api/v1/analyses HTTP/1.1" 201 Created
2026-09-17 12:43:53,019 INFO sqlalchemy.engine.Engine BEGIN (implicit)
2026-09-17 12:43:53 | INFO | sqlalchemy.engine.Engine | BEGIN (implicit)
2026-09-17 12:43:53,021 INFO sqlalchemy.engine.Engine SELECT analyses.id, analyses.location_id, analyses.start_date, analyses.end_date, analyses.analysis_type, analyses.temporal_resolution, analyses.status, analyses.error_message, analyses.completed_at, analyses.result_data, analyses.created_at, analyses.updated_at 
FROM analyses 
WHERE analyses.id = $1::UUID
2026-09-17 12:43:53 | INFO | sqlalchemy.engine.Engine | SELECT analyses.id, analyses.location_id, analyses.start_date, analyses.end_date, analyses.analysis_type, analyses.temporal_resolution, analyses.status, analyses.error_message, analyses.completed_at, analyses.result_data, analyses.created_at, analyses.updated_at 
FROM analyses 
WHERE analyses.id = $1::UUID
2026-09-17 12:43:53,021 INFO sqlalchemy.engine.Engine [generated in 0.00098s] (UUID('3e311bc6-ffd1-4786-b21b-ef2b0c5ca196'),)
2026-09-17 12:43:53 | INFO | sqlalchemy.engine.Engine | [generated in 0.00098s] (UUID('3e311bc6-ffd1-4786-b21b-ef2b0c5ca196'),)
2026-09-17 12:43:53,048 INFO sqlalchemy.engine.Engine SELECT dataset_usages.analysis_id AS dataset_usages_analysis_id, dataset_usages.id AS dataset_usages_id, dataset_usages.dataset_id AS dataset_usages_dataset_id, dataset_usages.variable AS dataset_usages_variable, dataset_usages.resolution AS dataset_usages_resolution, dataset_usages.date_range AS dataset_usages_date_range, dataset_usages.metadata AS dataset_usages_metadata, dataset_usages.created_at AS dataset_usages_created_at, dataset_usages.updated_at AS dataset_usages_updated_at 
FROM dataset_usages 
WHERE dataset_usages.analysis_id IN ($1::UUID)
2026-09-17 12:43:53 | INFO | sqlalchemy.engine.Engine | SELECT dataset_usages.analysis_id AS dataset_usages_analysis_id, dataset_usages.id AS dataset_usages_id, dataset_usages.dataset_id AS dataset_usages_dataset_id, dataset_usages.variable AS dataset_usages_variable, dataset_usages.resolution AS dataset_usages_resolution, dataset_usages.date_range AS dataset_usages_date_range, dataset_usages.metadata AS dataset_usages_metadata, dataset_usages.created_at AS dataset_usages_created_at, dataset_usages.updated_at AS dataset_usages_updated_at 
FROM dataset_usages 
WHERE dataset_usages.analysis_id IN ($1::UUID)
2026-09-17 12:43:53,048 INFO sqlalchemy.engine.Engine [generated in 0.00089s] (UUID('3e311bc6-ffd1-4786-b21b-ef2b0c5ca196'),)
2026-09-17 12:43:53 | INFO | sqlalchemy.engine.Engine | [generated in 0.00089s] (UUID('3e311bc6-ffd1-4786-b21b-ef2b0c5ca196'),)
2026-09-17 12:43:53,059 INFO sqlalchemy.engine.Engine SELECT timeseries.analysis_id AS timeseries_analysis_id, timeseries.id AS timeseries_id, timeseries.date AS timeseries_date, timeseries.variable AS timeseries_variable, timeseries.value AS timeseries_value, timeseries.metadata AS timeseries_metadata, timeseries.created_at AS timeseries_created_at, timeseries.updated_at AS timeseries_updated_at 
FROM timeseries 
WHERE timeseries.analysis_id IN ($1::UUID)
2026-09-17 12:43:53 | INFO | sqlalchemy.engine.Engine | SELECT timeseries.analysis_id AS timeseries_analysis_id, timeseries.id AS timeseries_id, timeseries.date AS timeseries_date, timeseries.variable AS timeseries_variable, timeseries.value AS timeseries_value, timeseries.metadata AS timeseries_metadata, timeseries.created_at AS timeseries_created_at, timeseries.updated_at AS timeseries_updated_at 
FROM timeseries 
WHERE timeseries.analysis_id IN ($1::UUID)
2026-09-17 12:43:53,059 INFO sqlalchemy.engine.Engine [generated in 0.00146s] (UUID('3e311bc6-ffd1-4786-b21b-ef2b0c5ca196'),)
2026-09-17 12:43:53 | INFO | sqlalchemy.engine.Engine | [generated in 0.00146s] (UUID('3e311bc6-ffd1-4786-b21b-ef2b0c5ca196'),)
2026-09-17 12:43:53,064 INFO sqlalchemy.engine.Engine SELECT reports.analysis_id AS reports_analysis_id, reports.id AS reports_id, reports.file_path AS reports_file_path, reports.report_type AS reports_report_type, reports.created_at AS reports_created_at, reports.updated_at AS reports_updated_at 
FROM reports 
WHERE reports.analysis_id IN ($1::UUID)
2026-09-17 12:43:53 | INFO | sqlalchemy.engine.Engine | SELECT reports.analysis_id AS reports_analysis_id, reports.id AS reports_id, reports.file_path AS reports_file_path, reports.report_type AS reports_report_type, reports.created_at AS reports_created_at, reports.updated_at AS reports_updated_at 
FROM reports 
WHERE reports.analysis_id IN ($1::UUID)
2026-09-17 12:43:53,065 INFO sqlalchemy.engine.Engine [generated in 0.00072s] (UUID('3e311bc6-ffd1-4786-b21b-ef2b0c5ca196'),)
2026-09-17 12:43:53 | INFO | sqlalchemy.engine.Engine | [generated in 0.00072s] (UUID('3e311bc6-ffd1-4786-b21b-ef2b0c5ca196'),)
2026-09-17 12:43:53,074 INFO sqlalchemy.engine.Engine SELECT locations.id AS locations_id, locations.name AS locations_name, locations.geometry AS locations_geometry, locations.latitude AS locations_latitude, locations.longitude AS locations_longitude, locations.area_sq_meters AS locations_area_sq_meters, locations.centroid_lat AS locations_centroid_lat, locations.centroid_lng AS locations_centroid_lng, locations.geometry_type AS locations_geometry_type, locations.created_at AS locations_created_at, locations.updated_at AS locations_updated_at 
FROM locations 
WHERE locations.id IN ($1::UUID)
2026-09-17 12:43:53 | INFO | sqlalchemy.engine.Engine | SELECT locations.id AS locations_id, locations.name AS locations_name, locations.geometry AS locations_geometry, locations.latitude AS locations_latitude, locations.longitude AS locations_longitude, locations.area_sq_meters AS locations_area_sq_meters, locations.centroid_lat AS locations_centroid_lat, locations.centroid_lng AS locations_centroid_lng, locations.geometry_type AS locations_geometry_type, locations.created_at AS locations_created_at, locations.updated_at AS locations_updated_at 
FROM locations 
WHERE locations.id IN ($1::UUID)
2026-09-17 12:43:53,075 INFO sqlalchemy.engine.Engine [generated in 0.00084s] (UUID('fcf6af3e-ece4-4110-a7fc-cf690c438055'),)
2026-09-17 12:43:53 | INFO | sqlalchemy.engine.Engine | [generated in 0.00084s] (UUID('fcf6af3e-ece4-4110-a7fc-cf690c438055'),)
2026-09-17 12:43:53,081 INFO sqlalchemy.engine.Engine COMMIT
2026-09-17 12:43:53 | INFO | sqlalchemy.engine.Engine | COMMIT
INFO:     127.0.0.1:60974 - "GET /api/v1/analyses/3e311bc6-ffd1-4786-b21b-ef2b0c5ca196 HTTP/1.1" 200 OK
2026-09-17 12:43:53,095 INFO sqlalchemy.engine.Engine BEGIN (implicit)
2026-09-17 12:43:53 | INFO | sqlalchemy.engine.Engine | BEGIN (implicit)
2026-09-17 12:43:53,096 INFO sqlalchemy.engine.Engine SELECT analyses.id, analyses.location_id, analyses.start_date, analyses.end_date, analyses.analysis_type, analyses.temporal_resolution, analyses.status, analyses.error_message, analyses.completed_at, analyses.result_data, analyses.created_at, analyses.updated_at 
FROM analyses 
WHERE analyses.id = $1::UUID
2026-09-17 12:43:53 | INFO | sqlalchemy.engine.Engine | SELECT analyses.id, analyses.location_id, analyses.start_date, analyses.end_date, analyses.analysis_type, analyses.temporal_resolution, analyses.status, analyses.error_message, analyses.completed_at, analyses.result_data, analyses.created_at, analyses.updated_at 
FROM analyses 
WHERE analyses.id = $1::UUID
2026-09-17 12:43:53,098 INFO sqlalchemy.engine.Engine [cached since 0.07729s ago] (UUID('3e311bc6-ffd1-4786-b21b-ef2b0c5ca196'),)
2026-09-17 12:43:53 | INFO | sqlalchemy.engine.Engine | [cached since 0.07729s ago] (UUID('3e311bc6-ffd1-4786-b21b-ef2b0c5ca196'),)
2026-09-17 12:43:53,105 INFO sqlalchemy.engine.Engine SELECT dataset_usages.analysis_id AS dataset_usages_analysis_id, dataset_usages.id AS dataset_usages_id, dataset_usages.dataset_id AS dataset_usages_dataset_id, dataset_usages.variable AS dataset_usages_variable, dataset_usages.resolution AS dataset_usages_resolution, dataset_usages.date_range AS dataset_usages_date_range, dataset_usages.metadata AS dataset_usages_metadata, dataset_usages.created_at AS dataset_usages_created_at, dataset_usages.updated_at AS dataset_usages_updated_at 
FROM dataset_usages 
WHERE dataset_usages.analysis_id IN ($1::UUID)
2026-09-17 12:43:53 | INFO | sqlalchemy.engine.Engine | SELECT dataset_usages.analysis_id AS dataset_usages_analysis_id, dataset_usages.id AS dataset_usages_id, dataset_usages.dataset_id AS dataset_usages_dataset_id, dataset_usages.variable AS dataset_usages_variable, dataset_usages.resolution AS dataset_usages_resolution, dataset_usages.date_range AS dataset_usages_date_range, dataset_usages.metadata AS dataset_usages_metadata, dataset_usages.created_at AS dataset_usages_created_at, dataset_usages.updated_at AS dataset_usages_updated_at 
FROM dataset_usages 
WHERE dataset_usages.analysis_id IN ($1::UUID)
2026-09-17 12:43:53,106 INFO sqlalchemy.engine.Engine [cached since 0.05821s ago] (UUID('3e311bc6-ffd1-4786-b21b-ef2b0c5ca196'),)
2026-09-17 12:43:53 | INFO | sqlalchemy.engine.Engine | [cached since 0.05821s ago] (UUID('3e311bc6-ffd1-4786-b21b-ef2b0c5ca196'),)
2026-09-17 12:43:53,109 INFO sqlalchemy.engine.Engine SELECT timeseries.analysis_id AS timeseries_analysis_id, timeseries.id AS timeseries_id, timeseries.date AS timeseries_date, timeseries.variable AS timeseries_variable, timeseries.value AS timeseries_value, timeseries.metadata AS timeseries_metadata, timeseries.created_at AS timeseries_created_at, timeseries.updated_at AS timeseries_updated_at 
FROM timeseries 
WHERE timeseries.analysis_id IN ($1::UUID)
2026-09-17 12:43:53 | INFO | sqlalchemy.engine.Engine | SELECT timeseries.analysis_id AS timeseries_analysis_id, timeseries.id AS timeseries_id, timeseries.date AS timeseries_date, timeseries.variable AS timeseries_variable, timeseries.value AS timeseries_value, timeseries.metadata AS timeseries_metadata, timeseries.created_at AS timeseries_created_at, timeseries.updated_at AS timeseries_updated_at 
FROM timeseries 
WHERE timeseries.analysis_id IN ($1::UUID)
2026-09-17 12:43:53,110 INFO sqlalchemy.engine.Engine [cached since 0.05173s ago] (UUID('3e311bc6-ffd1-4786-b21b-ef2b0c5ca196'),)
2026-09-17 12:43:53 | INFO | sqlalchemy.engine.Engine | [cached since 0.05173s ago] (UUID('3e311bc6-ffd1-4786-b21b-ef2b0c5ca196'),)
2026-09-17 12:43:53,113 INFO sqlalchemy.engine.Engine SELECT reports.analysis_id AS reports_analysis_id, reports.id AS reports_id, reports.file_path AS reports_file_path, reports.report_type AS reports_report_type, reports.created_at AS reports_created_at, reports.updated_at AS reports_updated_at 
FROM reports 
WHERE reports.analysis_id IN ($1::UUID)
2026-09-17 12:43:53 | INFO | sqlalchemy.engine.Engine | SELECT reports.analysis_id AS reports_analysis_id, reports.id AS reports_id, reports.file_path AS reports_file_path, reports.report_type AS reports_report_type, reports.created_at AS reports_created_at, reports.updated_at AS reports_updated_at 
FROM reports 
WHERE reports.analysis_id IN ($1::UUID)
2026-09-17 12:43:53,113 INFO sqlalchemy.engine.Engine [cached since 0.04938s ago] (UUID('3e311bc6-ffd1-4786-b21b-ef2b0c5ca196'),)
2026-09-17 12:43:53 | INFO | sqlalchemy.engine.Engine | [cached since 0.04938s ago] (UUID('3e311bc6-ffd1-4786-b21b-ef2b0c5ca196'),)
2026-09-17 12:43:53,116 INFO sqlalchemy.engine.Engine SELECT locations.id AS locations_id, locations.name AS locations_name, locations.geometry AS locations_geometry, locations.latitude AS locations_latitude, locations.longitude AS locations_longitude, locations.area_sq_meters AS locations_area_sq_meters, locations.centroid_lat AS locations_centroid_lat, locations.centroid_lng AS locations_centroid_lng, locations.geometry_type AS locations_geometry_type, locations.created_at AS locations_created_at, locations.updated_at AS locations_updated_at 
FROM locations 
WHERE locations.id IN ($1::UUID)
2026-09-17 12:43:53 | INFO | sqlalchemy.engine.Engine | SELECT locations.id AS locations_id, locations.name AS locations_name, locations.geometry AS locations_geometry, locations.latitude AS locations_latitude, locations.longitude AS locations_longitude, locations.area_sq_meters AS locations_area_sq_meters, locations.centroid_lat AS locations_centroid_lat, locations.centroid_lng AS locations_centroid_lng, locations.geometry_type AS locations_geometry_type, locations.created_at AS locations_created_at, locations.updated_at AS locations_updated_at 
FROM locations 
WHERE locations.id IN ($1::UUID)
2026-09-17 12:43:53,116 INFO sqlalchemy.engine.Engine [cached since 0.04264s ago] (UUID('fcf6af3e-ece4-4110-a7fc-cf690c438055'),)
2026-09-17 12:43:53 | INFO | sqlalchemy.engine.Engine | [cached since 0.04264s ago] (UUID('fcf6af3e-ece4-4110-a7fc-cf690c438055'),)
2026-09-17 12:43:53,121 INFO sqlalchemy.engine.Engine COMMIT
2026-09-17 12:43:53 | INFO | sqlalchemy.engine.Engine | COMMIT
INFO:     127.0.0.1:60979 - "GET /api/v1/analyses/3e311bc6-ffd1-4786-b21b-ef2b0c5ca196 HTTP/1.1" 200 OK
2026-09-17 12:43:53,148 INFO sqlalchemy.engine.Engine BEGIN (implicit)
2026-09-17 12:43:53 | INFO | sqlalchemy.engine.Engine | BEGIN (implicit)
2026-09-17 12:43:53,149 INFO sqlalchemy.engine.Engine SELECT analyses.id, analyses.location_id, analyses.start_date, analyses.end_date, analyses.analysis_type, analyses.temporal_resolution, analyses.status, analyses.error_message, analyses.completed_at, analyses.result_data, analyses.created_at, analyses.updated_at 
FROM analyses 
WHERE analyses.id = $1::UUID
2026-09-17 12:43:53 | INFO | sqlalchemy.engine.Engine | SELECT analyses.id, analyses.location_id, analyses.start_date, analyses.end_date, analyses.analysis_type, analyses.temporal_resolution, analyses.status, analyses.error_message, analyses.completed_at, analyses.result_data, analyses.created_at, analyses.updated_at 
FROM analyses 
WHERE analyses.id = $1::UUID
2026-09-17 12:43:53,152 INFO sqlalchemy.engine.Engine [cached since 0.1314s ago] (UUID('3e311bc6-ffd1-4786-b21b-ef2b0c5ca196'),)
2026-09-17 12:43:53 | INFO | sqlalchemy.engine.Engine | [cached since 0.1314s ago] (UUID('3e311bc6-ffd1-4786-b21b-ef2b0c5ca196'),)
2026-09-17 12:43:53,193 INFO sqlalchemy.engine.Engine SELECT dataset_usages.analysis_id AS dataset_usages_analysis_id, dataset_usages.id AS dataset_usages_id, dataset_usages.dataset_id AS dataset_usages_dataset_id, dataset_usages.variable AS dataset_usages_variable, dataset_usages.resolution AS dataset_usages_resolution, dataset_usages.date_range AS dataset_usages_date_range, dataset_usages.metadata AS dataset_usages_metadata, dataset_usages.created_at AS dataset_usages_created_at, dataset_usages.updated_at AS dataset_usages_updated_at 
FROM dataset_usages 
WHERE dataset_usages.analysis_id IN ($1::UUID)
2026-09-17 12:43:53 | INFO | sqlalchemy.engine.Engine | SELECT dataset_usages.analysis_id AS dataset_usages_analysis_id, dataset_usages.id AS dataset_usages_id, dataset_usages.dataset_id AS dataset_usages_dataset_id, dataset_usages.variable AS dataset_usages_variable, dataset_usages.resolution AS dataset_usages_resolution, dataset_usages.date_range AS dataset_usages_date_range, dataset_usages.metadata AS dataset_usages_metadata, dataset_usages.created_at AS dataset_usages_created_at, dataset_usages.updated_at AS dataset_usages_updated_at 
FROM dataset_usages 
WHERE dataset_usages.analysis_id IN ($1::UUID)
2026-09-17 12:43:53,193 INFO sqlalchemy.engine.Engine [cached since 0.1463s ago] (UUID('3e311bc6-ffd1-4786-b21b-ef2b0c5ca196'),)
2026-09-17 12:43:53 | INFO | sqlalchemy.engine.Engine | [cached since 0.1463s ago] (UUID('3e311bc6-ffd1-4786-b21b-ef2b0c5ca196'),)
2026-09-17 12:43:53,201 INFO sqlalchemy.engine.Engine SELECT timeseries.analysis_id AS timeseries_analysis_id, timeseries.id AS timeseries_id, timeseries.date AS timeseries_date, timeseries.variable AS timeseries_variable, timeseries.value AS timeseries_value, timeseries.metadata AS timeseries_metadata, timeseries.created_at AS timeseries_created_at, timeseries.updated_at AS timeseries_updated_at 
FROM timeseries 
WHERE timeseries.analysis_id IN ($1::UUID)
2026-09-17 12:43:53 | INFO | sqlalchemy.engine.Engine | SELECT timeseries.analysis_id AS timeseries_analysis_id, timeseries.id AS timeseries_id, timeseries.date AS timeseries_date, timeseries.variable AS timeseries_variable, timeseries.value AS timeseries_value, timeseries.metadata AS timeseries_metadata, timeseries.created_at AS timeseries_created_at, timeseries.updated_at AS timeseries_updated_at 
FROM timeseries 
WHERE timeseries.analysis_id IN ($1::UUID)
2026-09-17 12:43:53,202 INFO sqlalchemy.engine.Engine [cached since 0.1449s ago] (UUID('3e311bc6-ffd1-4786-b21b-ef2b0c5ca196'),)
2026-09-17 12:43:53 | INFO | sqlalchemy.engine.Engine | [cached since 0.1449s ago] (UUID('3e311bc6-ffd1-4786-b21b-ef2b0c5ca196'),)
2026-09-17 12:43:53,208 INFO sqlalchemy.engine.Engine SELECT reports.analysis_id AS reports_analysis_id, reports.id AS reports_id, reports.file_path AS reports_file_path, reports.report_type AS reports_report_type, reports.created_at AS reports_created_at, reports.updated_at AS reports_updated_at 
FROM reports 
WHERE reports.analysis_id IN ($1::UUID)
2026-09-17 12:43:53 | INFO | sqlalchemy.engine.Engine | SELECT reports.analysis_id AS reports_analysis_id, reports.id AS reports_id, reports.file_path AS reports_file_path, reports.report_type AS reports_report_type, reports.created_at AS reports_created_at, reports.updated_at AS reports_updated_at 
FROM reports 
WHERE reports.analysis_id IN ($1::UUID)
2026-09-17 12:43:53,208 INFO sqlalchemy.engine.Engine [cached since 0.1453s ago] (UUID('3e311bc6-ffd1-4786-b21b-ef2b0c5ca196'),)
2026-09-17 12:43:53 | INFO | sqlalchemy.engine.Engine | [cached since 0.1453s ago] (UUID('3e311bc6-ffd1-4786-b21b-ef2b0c5ca196'),)
2026-09-17 12:43:53,212 INFO sqlalchemy.engine.Engine SELECT locations.id AS locations_id, locations.name AS locations_name, locations.geometry AS locations_geometry, locations.latitude AS locations_latitude, locations.longitude AS locations_longitude, locations.area_sq_meters AS locations_area_sq_meters, locations.centroid_lat AS locations_centroid_lat, locations.centroid_lng AS locations_centroid_lng, locations.geometry_type AS locations_geometry_type, locations.created_at AS locations_created_at, locations.updated_at AS locations_updated_at 
FROM locations 
WHERE locations.id IN ($1::UUID)
2026-09-17 12:43:53 | INFO | sqlalchemy.engine.Engine | SELECT locations.id AS locations_id, locations.name AS locations_name, locations.geometry AS locations_geometry, locations.latitude AS locations_latitude, locations.longitude AS locations_longitude, locations.area_sq_meters AS locations_area_sq_meters, locations.centroid_lat AS locations_centroid_lat, locations.centroid_lng AS locations_centroid_lng, locations.geometry_type AS locations_geometry_type, locations.created_at AS locations_created_at, locations.updated_at AS locations_updated_at 
FROM locations 
WHERE locations.id IN ($1::UUID)
2026-09-17 12:43:53,212 INFO sqlalchemy.engine.Engine [cached since 0.1394s ago] (UUID('fcf6af3e-ece4-4110-a7fc-cf690c438055'),)
2026-09-17 12:43:53 | INFO | sqlalchemy.engine.Engine | [cached since 0.1394s ago] (UUID('fcf6af3e-ece4-4110-a7fc-cf690c438055'),)
2026-09-17 12:43:53,215 INFO sqlalchemy.engine.Engine SELECT analyses.id, analyses.location_id, analyses.start_date, analyses.end_date, analyses.analysis_type, analyses.temporal_resolution, analyses.status, analyses.error_message, analyses.completed_at, analyses.result_data, analyses.created_at, analyses.updated_at 
FROM analyses 
WHERE analyses.id = $1::UUID
2026-09-17 12:43:53 | INFO | sqlalchemy.engine.Engine | SELECT analyses.id, analyses.location_id, analyses.start_date, analyses.end_date, analyses.analysis_type, analyses.temporal_resolution, analyses.status, analyses.error_message, analyses.completed_at, analyses.result_data, analyses.created_at, analyses.updated_at 
FROM analyses 
WHERE analyses.id = $1::UUID
2026-09-17 12:43:53,217 INFO sqlalchemy.engine.Engine [cached since 0.1963s ago] (UUID('3e311bc6-ffd1-4786-b21b-ef2b0c5ca196'),)
2026-09-17 12:43:53 | INFO | sqlalchemy.engine.Engine | [cached since 0.1963s ago] (UUID('3e311bc6-ffd1-4786-b21b-ef2b0c5ca196'),)
2026-09-17 12:43:53,222 INFO sqlalchemy.engine.Engine SELECT dataset_usages.analysis_id AS dataset_usages_analysis_id, dataset_usages.id AS dataset_usages_id, dataset_usages.dataset_id AS dataset_usages_dataset_id, dataset_usages.variable AS dataset_usages_variable, dataset_usages.resolution AS dataset_usages_resolution, dataset_usages.date_range AS dataset_usages_date_range, dataset_usages.metadata AS dataset_usages_metadata, dataset_usages.created_at AS dataset_usages_created_at, dataset_usages.updated_at AS dataset_usages_updated_at 
FROM dataset_usages 
WHERE dataset_usages.analysis_id IN ($1::UUID)
2026-09-17 12:43:53 | INFO | sqlalchemy.engine.Engine | SELECT dataset_usages.analysis_id AS dataset_usages_analysis_id, dataset_usages.id AS dataset_usages_id, dataset_usages.dataset_id AS dataset_usages_dataset_id, dataset_usages.variable AS dataset_usages_variable, dataset_usages.resolution AS dataset_usages_resolution, dataset_usages.date_range AS dataset_usages_date_range, dataset_usages.metadata AS dataset_usages_metadata, dataset_usages.created_at AS dataset_usages_created_at, dataset_usages.updated_at AS dataset_usages_updated_at 
FROM dataset_usages 
WHERE dataset_usages.analysis_id IN ($1::UUID)
2026-09-17 12:43:53,223 INFO sqlalchemy.engine.Engine [cached since 0.1752s ago] (UUID('3e311bc6-ffd1-4786-b21b-ef2b0c5ca196'),)
2026-09-17 12:43:53 | INFO | sqlalchemy.engine.Engine | [cached since 0.1752s ago] (UUID('3e311bc6-ffd1-4786-b21b-ef2b0c5ca196'),)
2026-09-17 12:43:53,226 INFO sqlalchemy.engine.Engine SELECT timeseries.analysis_id AS timeseries_analysis_id, timeseries.id AS timeseries_id, timeseries.date AS timeseries_date, timeseries.variable AS timeseries_variable, timeseries.value AS timeseries_value, timeseries.metadata AS timeseries_metadata, timeseries.created_at AS timeseries_created_at, timeseries.updated_at AS timeseries_updated_at 
FROM timeseries 
WHERE timeseries.analysis_id IN ($1::UUID)
2026-09-17 12:43:53 | INFO | sqlalchemy.engine.Engine | SELECT timeseries.analysis_id AS timeseries_analysis_id, timeseries.id AS timeseries_id, timeseries.date AS timeseries_date, timeseries.variable AS timeseries_variable, timeseries.value AS timeseries_value, timeseries.metadata AS timeseries_metadata, timeseries.created_at AS timeseries_created_at, timeseries.updated_at AS timeseries_updated_at 
FROM timeseries 
WHERE timeseries.analysis_id IN ($1::UUID)
2026-09-17 12:43:53,227 INFO sqlalchemy.engine.Engine [cached since 0.1696s ago] (UUID('3e311bc6-ffd1-4786-b21b-ef2b0c5ca196'),)
2026-09-17 12:43:53 | INFO | sqlalchemy.engine.Engine | [cached since 0.1696s ago] (UUID('3e311bc6-ffd1-4786-b21b-ef2b0c5ca196'),)
2026-09-17 12:43:53,231 INFO sqlalchemy.engine.Engine SELECT reports.analysis_id AS reports_analysis_id, reports.id AS reports_id, reports.file_path AS reports_file_path, reports.report_type AS reports_report_type, reports.created_at AS reports_created_at, reports.updated_at AS reports_updated_at 
FROM reports 
WHERE reports.analysis_id IN ($1::UUID)
2026-09-17 12:43:53 | INFO | sqlalchemy.engine.Engine | SELECT reports.analysis_id AS reports_analysis_id, reports.id AS reports_id, reports.file_path AS reports_file_path, reports.report_type AS reports_report_type, reports.created_at AS reports_created_at, reports.updated_at AS reports_updated_at 
FROM reports 
WHERE reports.analysis_id IN ($1::UUID)
2026-09-17 12:43:53,232 INFO sqlalchemy.engine.Engine [cached since 0.1684s ago] (UUID('3e311bc6-ffd1-4786-b21b-ef2b0c5ca196'),)
2026-09-17 12:43:53 | INFO | sqlalchemy.engine.Engine | [cached since 0.1684s ago] (UUID('3e311bc6-ffd1-4786-b21b-ef2b0c5ca196'),)
2026-09-17 12:43:53,236 INFO sqlalchemy.engine.Engine SELECT locations.id AS locations_id, locations.name AS locations_name, locations.geometry AS locations_geometry, locations.latitude AS locations_latitude, locations.longitude AS locations_longitude, locations.area_sq_meters AS locations_area_sq_meters, locations.centroid_lat AS locations_centroid_lat, locations.centroid_lng AS locations_centroid_lng, locations.geometry_type AS locations_geometry_type, locations.created_at AS locations_created_at, locations.updated_at AS locations_updated_at 
FROM locations 
WHERE locations.id IN ($1::UUID)
2026-09-17 12:43:53 | INFO | sqlalchemy.engine.Engine | SELECT locations.id AS locations_id, locations.name AS locations_name, locations.geometry AS locations_geometry, locations.latitude AS locations_latitude, locations.longitude AS locations_longitude, locations.area_sq_meters AS locations_area_sq_meters, locations.centroid_lat AS locations_centroid_lat, locations.centroid_lng AS locations_centroid_lng, locations.geometry_type AS locations_geometry_type, locations.created_at AS locations_created_at, locations.updated_at AS locations_updated_at 
FROM locations 
WHERE locations.id IN ($1::UUID)
2026-09-17 12:43:53,237 INFO sqlalchemy.engine.Engine [cached since 0.1638s ago] (UUID('fcf6af3e-ece4-4110-a7fc-cf690c438055'),)
2026-09-17 12:43:53 | INFO | sqlalchemy.engine.Engine | [cached since 0.1638s ago] (UUID('fcf6af3e-ece4-4110-a7fc-cf690c438055'),)
2026-09-17 12:43:53,254 INFO sqlalchemy.engine.Engine COMMIT
2026-09-17 12:43:53 | INFO | sqlalchemy.engine.Engine | COMMIT
INFO:     127.0.0.1:60984 - "GET /api/v1/analyses/3e311bc6-ffd1-4786-b21b-ef2b0c5ca196/maps HTTP/1.1" 200 OK
2026-09-17 12:43:53,272 INFO sqlalchemy.engine.Engine BEGIN (implicit)
2026-09-17 12:43:53 | INFO | sqlalchemy.engine.Engine | BEGIN (implicit)
2026-09-17 12:43:53,273 INFO sqlalchemy.engine.Engine SELECT analyses.id, analyses.location_id, analyses.start_date, analyses.end_date, analyses.analysis_type, analyses.temporal_resolution, analyses.status, analyses.error_message, analyses.completed_at, analyses.result_data, analyses.created_at, analyses.updated_at 
FROM analyses 
WHERE analyses.id = $1::UUID
2026-09-17 12:43:53 | INFO | sqlalchemy.engine.Engine | SELECT analyses.id, analyses.location_id, analyses.start_date, analyses.end_date, analyses.analysis_type, analyses.temporal_resolution, analyses.status, analyses.error_message, analyses.completed_at, analyses.result_data, analyses.created_at, analyses.updated_at 
FROM analyses 
WHERE analyses.id = $1::UUID
2026-09-17 12:43:53,274 INFO sqlalchemy.engine.Engine [cached since 0.2533s ago] (UUID('3e311bc6-ffd1-4786-b21b-ef2b0c5ca196'),)
2026-09-17 12:43:53 | INFO | sqlalchemy.engine.Engine | [cached since 0.2533s ago] (UUID('3e311bc6-ffd1-4786-b21b-ef2b0c5ca196'),)
2026-09-17 12:43:53,285 INFO sqlalchemy.engine.Engine SELECT dataset_usages.analysis_id AS dataset_usages_analysis_id, dataset_usages.id AS dataset_usages_id, dataset_usages.dataset_id AS dataset_usages_dataset_id, dataset_usages.variable AS dataset_usages_variable, dataset_usages.resolution AS dataset_usages_resolution, dataset_usages.date_range AS dataset_usages_date_range, dataset_usages.metadata AS dataset_usages_metadata, dataset_usages.created_at AS dataset_usages_created_at, dataset_usages.updated_at AS dataset_usages_updated_at 
FROM dataset_usages 
WHERE dataset_usages.analysis_id IN ($1::UUID)
2026-09-17 12:43:53 | INFO | sqlalchemy.engine.Engine | SELECT dataset_usages.analysis_id AS dataset_usages_analysis_id, dataset_usages.id AS dataset_usages_id, dataset_usages.dataset_id AS dataset_usages_dataset_id, dataset_usages.variable AS dataset_usages_variable, dataset_usages.resolution AS dataset_usages_resolution, dataset_usages.date_range AS dataset_usages_date_range, dataset_usages.metadata AS dataset_usages_metadata, dataset_usages.created_at AS dataset_usages_created_at, dataset_usages.updated_at AS dataset_usages_updated_at 
FROM dataset_usages 
WHERE dataset_usages.analysis_id IN ($1::UUID)
2026-09-17 12:43:53,286 INFO sqlalchemy.engine.Engine [cached since 0.2388s ago] (UUID('3e311bc6-ffd1-4786-b21b-ef2b0c5ca196'),)
2026-09-17 12:43:53 | INFO | sqlalchemy.engine.Engine | [cached since 0.2388s ago] (UUID('3e311bc6-ffd1-4786-b21b-ef2b0c5ca196'),)
2026-09-17 12:43:53,290 INFO sqlalchemy.engine.Engine SELECT timeseries.analysis_id AS timeseries_analysis_id, timeseries.id AS timeseries_id, timeseries.date AS timeseries_date, timeseries.variable AS timeseries_variable, timeseries.value AS timeseries_value, timeseries.metadata AS timeseries_metadata, timeseries.created_at AS timeseries_created_at, timeseries.updated_at AS timeseries_updated_at 
FROM timeseries 
WHERE timeseries.analysis_id IN ($1::UUID)
2026-09-17 12:43:53 | INFO | sqlalchemy.engine.Engine | SELECT timeseries.analysis_id AS timeseries_analysis_id, timeseries.id AS timeseries_id, timeseries.date AS timeseries_date, timeseries.variable AS timeseries_variable, timeseries.value AS timeseries_value, timeseries.metadata AS timeseries_metadata, timeseries.created_at AS timeseries_created_at, timeseries.updated_at AS timeseries_updated_at 
FROM timeseries 
WHERE timeseries.analysis_id IN ($1::UUID)
2026-09-17 12:43:53,291 INFO sqlalchemy.engine.Engine [cached since 0.2332s ago] (UUID('3e311bc6-ffd1-4786-b21b-ef2b0c5ca196'),)
2026-09-17 12:43:53 | INFO | sqlalchemy.engine.Engine | [cached since 0.2332s ago] (UUID('3e311bc6-ffd1-4786-b21b-ef2b0c5ca196'),)
2026-09-17 12:43:53,299 INFO sqlalchemy.engine.Engine SELECT reports.analysis_id AS reports_analysis_id, reports.id AS reports_id, reports.file_path AS reports_file_path, reports.report_type AS reports_report_type, reports.created_at AS reports_created_at, reports.updated_at AS reports_updated_at 
FROM reports 
WHERE reports.analysis_id IN ($1::UUID)
2026-09-17 12:43:53 | INFO | sqlalchemy.engine.Engine | SELECT reports.analysis_id AS reports_analysis_id, reports.id AS reports_id, reports.file_path AS reports_file_path, reports.report_type AS reports_report_type, reports.created_at AS reports_created_at, reports.updated_at AS reports_updated_at 
FROM reports 
WHERE reports.analysis_id IN ($1::UUID)
2026-09-17 12:43:53,300 INFO sqlalchemy.engine.Engine [cached since 0.2369s ago] (UUID('3e311bc6-ffd1-4786-b21b-ef2b0c5ca196'),)
2026-09-17 12:43:53 | INFO | sqlalchemy.engine.Engine | [cached since 0.2369s ago] (UUID('3e311bc6-ffd1-4786-b21b-ef2b0c5ca196'),)
2026-09-17 12:43:53,310 INFO sqlalchemy.engine.Engine SELECT locations.id AS locations_id, locations.name AS locations_name, locations.geometry AS locations_geometry, locations.latitude AS locations_latitude, locations.longitude AS locations_longitude, locations.area_sq_meters AS locations_area_sq_meters, locations.centroid_lat AS locations_centroid_lat, locations.centroid_lng AS locations_centroid_lng, locations.geometry_type AS locations_geometry_type, locations.created_at AS locations_created_at, locations.updated_at AS locations_updated_at 
FROM locations 
WHERE locations.id IN ($1::UUID)
2026-09-17 12:43:53 | INFO | sqlalchemy.engine.Engine | SELECT locations.id AS locations_id, locations.name AS locations_name, locations.geometry AS locations_geometry, locations.latitude AS locations_latitude, locations.longitude AS locations_longitude, locations.area_sq_meters AS locations_area_sq_meters, locations.centroid_lat AS locations_centroid_lat, locations.centroid_lng AS locations_centroid_lng, locations.geometry_type AS locations_geometry_type, locations.created_at AS locations_created_at, locations.updated_at AS locations_updated_at 
FROM locations 
WHERE locations.id IN ($1::UUID)
2026-09-17 12:43:53,311 INFO sqlalchemy.engine.Engine [cached since 0.2376s ago] (UUID('fcf6af3e-ece4-4110-a7fc-cf690c438055'),)
2026-09-17 12:43:53 | INFO | sqlalchemy.engine.Engine | [cached since 0.2376s ago] (UUID('fcf6af3e-ece4-4110-a7fc-cf690c438055'),)
2026-09-17 12:43:53,314 INFO sqlalchemy.engine.Engine SELECT analyses.id, analyses.location_id, analyses.start_date, analyses.end_date, analyses.analysis_type, analyses.temporal_resolution, analyses.status, analyses.error_message, analyses.completed_at, analyses.result_data, analyses.created_at, analyses.updated_at 
FROM analyses 
WHERE analyses.id = $1::UUID
2026-09-17 12:43:53 | INFO | sqlalchemy.engine.Engine | SELECT analyses.id, analyses.location_id, analyses.start_date, analyses.end_date, analyses.analysis_type, analyses.temporal_resolution, analyses.status, analyses.error_message, analyses.completed_at, analyses.result_data, analyses.created_at, analyses.updated_at 
FROM analyses 
WHERE analyses.id = $1::UUID
2026-09-17 12:43:53,315 INFO sqlalchemy.engine.Engine [cached since 0.2946s ago] (UUID('3e311bc6-ffd1-4786-b21b-ef2b0c5ca196'),)
2026-09-17 12:43:53 | INFO | sqlalchemy.engine.Engine | [cached since 0.2946s ago] (UUID('3e311bc6-ffd1-4786-b21b-ef2b0c5ca196'),)
2026-09-17 12:43:53,322 INFO sqlalchemy.engine.Engine SELECT dataset_usages.analysis_id AS dataset_usages_analysis_id, dataset_usages.id AS dataset_usages_id, dataset_usages.dataset_id AS dataset_usages_dataset_id, dataset_usages.variable AS dataset_usages_variable, dataset_usages.resolution AS dataset_usages_resolution, dataset_usages.date_range AS dataset_usages_date_range, dataset_usages.metadata AS dataset_usages_metadata, dataset_usages.created_at AS dataset_usages_created_at, dataset_usages.updated_at AS dataset_usages_updated_at 
FROM dataset_usages 
WHERE dataset_usages.analysis_id IN ($1::UUID)
2026-09-17 12:43:53 | INFO | sqlalchemy.engine.Engine | SELECT dataset_usages.analysis_id AS dataset_usages_analysis_id, dataset_usages.id AS dataset_usages_id, dataset_usages.dataset_id AS dataset_usages_dataset_id, dataset_usages.variable AS dataset_usages_variable, dataset_usages.resolution AS dataset_usages_resolution, dataset_usages.date_range AS dataset_usages_date_range, dataset_usages.metadata AS dataset_usages_metadata, dataset_usages.created_at AS dataset_usages_created_at, dataset_usages.updated_at AS dataset_usages_updated_at 
FROM dataset_usages 
WHERE dataset_usages.analysis_id IN ($1::UUID)
2026-09-17 12:43:53,323 INFO sqlalchemy.engine.Engine [cached since 0.2759s ago] (UUID('3e311bc6-ffd1-4786-b21b-ef2b0c5ca196'),)
2026-09-17 12:43:53 | INFO | sqlalchemy.engine.Engine | [cached since 0.2759s ago] (UUID('3e311bc6-ffd1-4786-b21b-ef2b0c5ca196'),)
2026-09-17 12:43:53,327 INFO sqlalchemy.engine.Engine SELECT timeseries.analysis_id AS timeseries_analysis_id, timeseries.id AS timeseries_id, timeseries.date AS timeseries_date, timeseries.variable AS timeseries_variable, timeseries.value AS timeseries_value, timeseries.metadata AS timeseries_metadata, timeseries.created_at AS timeseries_created_at, timeseries.updated_at AS timeseries_updated_at 
FROM timeseries 
WHERE timeseries.analysis_id IN ($1::UUID)
2026-09-17 12:43:53 | INFO | sqlalchemy.engine.Engine | SELECT timeseries.analysis_id AS timeseries_analysis_id, timeseries.id AS timeseries_id, timeseries.date AS timeseries_date, timeseries.variable AS timeseries_variable, timeseries.value AS timeseries_value, timeseries.metadata AS timeseries_metadata, timeseries.created_at AS timeseries_created_at, timeseries.updated_at AS timeseries_updated_at 
FROM timeseries 
WHERE timeseries.analysis_id IN ($1::UUID)
2026-09-17 12:43:53,328 INFO sqlalchemy.engine.Engine [cached since 0.2704s ago] (UUID('3e311bc6-ffd1-4786-b21b-ef2b0c5ca196'),)
2026-09-17 12:43:53 | INFO | sqlalchemy.engine.Engine | [cached since 0.2704s ago] (UUID('3e311bc6-ffd1-4786-b21b-ef2b0c5ca196'),)
2026-09-17 12:43:53,332 INFO sqlalchemy.engine.Engine SELECT reports.analysis_id AS reports_analysis_id, reports.id AS reports_id, reports.file_path AS reports_file_path, reports.report_type AS reports_report_type, reports.created_at AS reports_created_at, reports.updated_at AS reports_updated_at 
FROM reports 
WHERE reports.analysis_id IN ($1::UUID)
2026-09-17 12:43:53 | INFO | sqlalchemy.engine.Engine | SELECT reports.analysis_id AS reports_analysis_id, reports.id AS reports_id, reports.file_path AS reports_file_path, reports.report_type AS reports_report_type, reports.created_at AS reports_created_at, reports.updated_at AS reports_updated_at 
FROM reports 
WHERE reports.analysis_id IN ($1::UUID)
2026-09-17 12:43:53,333 INFO sqlalchemy.engine.Engine [cached since 0.2691s ago] (UUID('3e311bc6-ffd1-4786-b21b-ef2b0c5ca196'),)
2026-09-17 12:43:53 | INFO | sqlalchemy.engine.Engine | [cached since 0.2691s ago] (UUID('3e311bc6-ffd1-4786-b21b-ef2b0c5ca196'),)
2026-09-17 12:43:53,337 INFO sqlalchemy.engine.Engine SELECT locations.id AS locations_id, locations.name AS locations_name, locations.geometry AS locations_geometry, locations.latitude AS locations_latitude, locations.longitude AS locations_longitude, locations.area_sq_meters AS locations_area_sq_meters, locations.centroid_lat AS locations_centroid_lat, locations.centroid_lng AS locations_centroid_lng, locations.geometry_type AS locations_geometry_type, locations.created_at AS locations_created_at, locations.updated_at AS locations_updated_at 
FROM locations 
WHERE locations.id IN ($1::UUID)
2026-09-17 12:43:53 | INFO | sqlalchemy.engine.Engine | SELECT locations.id AS locations_id, locations.name AS locations_name, locations.geometry AS locations_geometry, locations.latitude AS locations_latitude, locations.longitude AS locations_longitude, locations.area_sq_meters AS locations_area_sq_meters, locations.centroid_lat AS locations_centroid_lat, locations.centroid_lng AS locations_centroid_lng, locations.geometry_type AS locations_geometry_type, locations.created_at AS locations_created_at, locations.updated_at AS locations_updated_at 
FROM locations 
WHERE locations.id IN ($1::UUID)
2026-09-17 12:43:53,337 INFO sqlalchemy.engine.Engine [cached since 0.264s ago] (UUID('fcf6af3e-ece4-4110-a7fc-cf690c438055'),)
2026-09-17 12:43:53 | INFO | sqlalchemy.engine.Engine | [cached since 0.264s ago] (UUID('fcf6af3e-ece4-4110-a7fc-cf690c438055'),)
2026-09-17 12:43:53,346 INFO sqlalchemy.engine.Engine COMMIT
2026-09-17 12:43:53 | INFO | sqlalchemy.engine.Engine | COMMIT
INFO:     127.0.0.1:60989 - "GET /api/v1/analyses/3e311bc6-ffd1-4786-b21b-ef2b0c5ca196/maps HTTP/1.1" 200 OK
2026-09-17 12:43:53,513 INFO sqlalchemy.engine.Engine BEGIN (implicit)
2026-09-17 12:43:53 | INFO | sqlalchemy.engine.Engine | BEGIN (implicit)
2026-09-17 12:43:53,514 INFO sqlalchemy.engine.Engine SELECT analyses.id, analyses.location_id, analyses.start_date, analyses.end_date, analyses.analysis_type, analyses.temporal_resolution, analyses.status, analyses.error_message, analyses.completed_at, analyses.result_data, analyses.created_at, analyses.updated_at 
FROM analyses 
WHERE analyses.id = $1::UUID
2026-09-17 12:43:53 | INFO | sqlalchemy.engine.Engine | SELECT analyses.id, analyses.location_id, analyses.start_date, analyses.end_date, analyses.analysis_type, analyses.temporal_resolution, analyses.status, analyses.error_message, analyses.completed_at, analyses.result_data, analyses.created_at, analyses.updated_at 
FROM analyses 
WHERE analyses.id = $1::UUID
2026-09-17 12:43:53,515 INFO sqlalchemy.engine.Engine [cached since 0.4945s ago] (UUID('3e311bc6-ffd1-4786-b21b-ef2b0c5ca196'),)
2026-09-17 12:43:53 | INFO | sqlalchemy.engine.Engine | [cached since 0.4945s ago] (UUID('3e311bc6-ffd1-4786-b21b-ef2b0c5ca196'),)
2026-09-17 12:43:53,538 INFO sqlalchemy.engine.Engine SELECT dataset_usages.analysis_id AS dataset_usages_analysis_id, dataset_usages.id AS dataset_usages_id, dataset_usages.dataset_id AS dataset_usages_dataset_id, dataset_usages.variable AS dataset_usages_variable, dataset_usages.resolution AS dataset_usages_resolution, dataset_usages.date_range AS dataset_usages_date_range, dataset_usages.metadata AS dataset_usages_metadata, dataset_usages.created_at AS dataset_usages_created_at, dataset_usages.updated_at AS dataset_usages_updated_at 
FROM dataset_usages 
WHERE dataset_usages.analysis_id IN ($1::UUID)
2026-09-17 12:43:53 | INFO | sqlalchemy.engine.Engine | SELECT dataset_usages.analysis_id AS dataset_usages_analysis_id, dataset_usages.id AS dataset_usages_id, dataset_usages.dataset_id AS dataset_usages_dataset_id, dataset_usages.variable AS dataset_usages_variable, dataset_usages.resolution AS dataset_usages_resolution, dataset_usages.date_range AS dataset_usages_date_range, dataset_usages.metadata AS dataset_usages_metadata, dataset_usages.created_at AS dataset_usages_created_at, dataset_usages.updated_at AS dataset_usages_updated_at 
FROM dataset_usages 
WHERE dataset_usages.analysis_id IN ($1::UUID)
2026-09-17 12:43:53,539 INFO sqlalchemy.engine.Engine [cached since 0.4916s ago] (UUID('3e311bc6-ffd1-4786-b21b-ef2b0c5ca196'),)
2026-09-17 12:43:53 | INFO | sqlalchemy.engine.Engine | [cached since 0.4916s ago] (UUID('3e311bc6-ffd1-4786-b21b-ef2b0c5ca196'),)
2026-09-17 12:43:53,544 INFO sqlalchemy.engine.Engine SELECT timeseries.analysis_id AS timeseries_analysis_id, timeseries.id AS timeseries_id, timeseries.date AS timeseries_date, timeseries.variable AS timeseries_variable, timeseries.value AS timeseries_value, timeseries.metadata AS timeseries_metadata, timeseries.created_at AS timeseries_created_at, timeseries.updated_at AS timeseries_updated_at 
FROM timeseries 
WHERE timeseries.analysis_id IN ($1::UUID)
2026-09-17 12:43:53 | INFO | sqlalchemy.engine.Engine | SELECT timeseries.analysis_id AS timeseries_analysis_id, timeseries.id AS timeseries_id, timeseries.date AS timeseries_date, timeseries.variable AS timeseries_variable, timeseries.value AS timeseries_value, timeseries.metadata AS timeseries_metadata, timeseries.created_at AS timeseries_created_at, timeseries.updated_at AS timeseries_updated_at 
FROM timeseries 
WHERE timeseries.analysis_id IN ($1::UUID)
2026-09-17 12:43:53,545 INFO sqlalchemy.engine.Engine [cached since 0.4877s ago] (UUID('3e311bc6-ffd1-4786-b21b-ef2b0c5ca196'),)
2026-09-17 12:43:53 | INFO | sqlalchemy.engine.Engine | [cached since 0.4877s ago] (UUID('3e311bc6-ffd1-4786-b21b-ef2b0c5ca196'),)
2026-09-17 12:43:53,555 INFO sqlalchemy.engine.Engine SELECT reports.analysis_id AS reports_analysis_id, reports.id AS reports_id, reports.file_path AS reports_file_path, reports.report_type AS reports_report_type, reports.created_at AS reports_created_at, reports.updated_at AS reports_updated_at 
FROM reports 
WHERE reports.analysis_id IN ($1::UUID)
2026-09-17 12:43:53 | INFO | sqlalchemy.engine.Engine | SELECT reports.analysis_id AS reports_analysis_id, reports.id AS reports_id, reports.file_path AS reports_file_path, reports.report_type AS reports_report_type, reports.created_at AS reports_created_at, reports.updated_at AS reports_updated_at 
FROM reports 
WHERE reports.analysis_id IN ($1::UUID)
2026-09-17 12:43:53,555 INFO sqlalchemy.engine.Engine [cached since 0.4922s ago] (UUID('3e311bc6-ffd1-4786-b21b-ef2b0c5ca196'),)
2026-09-17 12:43:53 | INFO | sqlalchemy.engine.Engine | [cached since 0.4922s ago] (UUID('3e311bc6-ffd1-4786-b21b-ef2b0c5ca196'),)
2026-09-17 12:43:53,561 INFO sqlalchemy.engine.Engine SELECT locations.id AS locations_id, locations.name AS locations_name, locations.geometry AS locations_geometry, locations.latitude AS locations_latitude, locations.longitude AS locations_longitude, locations.area_sq_meters AS locations_area_sq_meters, locations.centroid_lat AS locations_centroid_lat, locations.centroid_lng AS locations_centroid_lng, locations.geometry_type AS locations_geometry_type, locations.created_at AS locations_created_at, locations.updated_at AS locations_updated_at 
FROM locations 
WHERE locations.id IN ($1::UUID)
2026-09-17 12:43:53 | INFO | sqlalchemy.engine.Engine | SELECT locations.id AS locations_id, locations.name AS locations_name, locations.geometry AS locations_geometry, locations.latitude AS locations_latitude, locations.longitude AS locations_longitude, locations.area_sq_meters AS locations_area_sq_meters, locations.centroid_lat AS locations_centroid_lat, locations.centroid_lng AS locations_centroid_lng, locations.geometry_type AS locations_geometry_type, locations.created_at AS locations_created_at, locations.updated_at AS locations_updated_at 
FROM locations 
WHERE locations.id IN ($1::UUID)
2026-09-17 12:43:53,561 INFO sqlalchemy.engine.Engine [cached since 0.4882s ago] (UUID('fcf6af3e-ece4-4110-a7fc-cf690c438055'),)
2026-09-17 12:43:53 | INFO | sqlalchemy.engine.Engine | [cached since 0.4882s ago] (UUID('fcf6af3e-ece4-4110-a7fc-cf690c438055'),)
2026-09-17 12:43:53,574 INFO sqlalchemy.engine.Engine SELECT timeseries.id, timeseries.analysis_id, timeseries.date, timeseries.variable, timeseries.value, timeseries.metadata, timeseries.created_at, timeseries.updated_at 
FROM timeseries 
WHERE timeseries.analysis_id = $1::UUID ORDER BY timeseries.date
2026-09-17 12:43:53 | INFO | sqlalchemy.engine.Engine | SELECT timeseries.id, timeseries.analysis_id, timeseries.date, timeseries.variable, timeseries.value, timeseries.metadata, timeseries.created_at, timeseries.updated_at 
FROM timeseries 
WHERE timeseries.analysis_id = $1::UUID ORDER BY timeseries.date
2026-09-17 12:43:53,575 INFO sqlalchemy.engine.Engine [generated in 0.00062s] (UUID('3e311bc6-ffd1-4786-b21b-ef2b0c5ca196'),)
2026-09-17 12:43:53 | INFO | sqlalchemy.engine.Engine | [generated in 0.00062s] (UUID('3e311bc6-ffd1-4786-b21b-ef2b0c5ca196'),)
2026-09-17 12:43:53,590 INFO sqlalchemy.engine.Engine COMMIT
2026-09-17 12:43:53 | INFO | sqlalchemy.engine.Engine | COMMIT
INFO:     127.0.0.1:60985 - "GET /api/v1/analyses/3e311bc6-ffd1-4786-b21b-ef2b0c5ca196/timeseries HTTP/1.1" 200 OK
2026-09-17 12:43:53,604 INFO sqlalchemy.engine.Engine BEGIN (implicit)
2026-09-17 12:43:53 | INFO | sqlalchemy.engine.Engine | BEGIN (implicit)
2026-09-17 12:43:53,605 INFO sqlalchemy.engine.Engine SELECT analyses.id, analyses.location_id, analyses.start_date, analyses.end_date, analyses.analysis_type, analyses.temporal_resolution, analyses.status, analyses.error_message, analyses.completed_at, analyses.result_data, analyses.created_at, analyses.updated_at 
FROM analyses 
WHERE analyses.id = $1::UUID
2026-09-17 12:43:53 | INFO | sqlalchemy.engine.Engine | SELECT analyses.id, analyses.location_id, analyses.start_date, analyses.end_date, analyses.analysis_type, analyses.temporal_resolution, analyses.status, analyses.error_message, analyses.completed_at, analyses.result_data, analyses.created_at, analyses.updated_at 
FROM analyses 
WHERE analyses.id = $1::UUID
2026-09-17 12:43:53,606 INFO sqlalchemy.engine.Engine [cached since 0.5853s ago] (UUID('3e311bc6-ffd1-4786-b21b-ef2b0c5ca196'),)
2026-09-17 12:43:53 | INFO | sqlalchemy.engine.Engine | [cached since 0.5853s ago] (UUID('3e311bc6-ffd1-4786-b21b-ef2b0c5ca196'),)
2026-09-17 12:43:53,610 INFO sqlalchemy.engine.Engine SELECT dataset_usages.analysis_id AS dataset_usages_analysis_id, dataset_usages.id AS dataset_usages_id, dataset_usages.dataset_id AS dataset_usages_dataset_id, dataset_usages.variable AS dataset_usages_variable, dataset_usages.resolution AS dataset_usages_resolution, dataset_usages.date_range AS dataset_usages_date_range, dataset_usages.metadata AS dataset_usages_metadata, dataset_usages.created_at AS dataset_usages_created_at, dataset_usages.updated_at AS dataset_usages_updated_at 
FROM dataset_usages 
WHERE dataset_usages.analysis_id IN ($1::UUID)
2026-09-17 12:43:53 | INFO | sqlalchemy.engine.Engine | SELECT dataset_usages.analysis_id AS dataset_usages_analysis_id, dataset_usages.id AS dataset_usages_id, dataset_usages.dataset_id AS dataset_usages_dataset_id, dataset_usages.variable AS dataset_usages_variable, dataset_usages.resolution AS dataset_usages_resolution, dataset_usages.date_range AS dataset_usages_date_range, dataset_usages.metadata AS dataset_usages_metadata, dataset_usages.created_at AS dataset_usages_created_at, dataset_usages.updated_at AS dataset_usages_updated_at 
FROM dataset_usages 
WHERE dataset_usages.analysis_id IN ($1::UUID)
2026-09-17 12:43:53,610 INFO sqlalchemy.engine.Engine [cached since 0.5632s ago] (UUID('3e311bc6-ffd1-4786-b21b-ef2b0c5ca196'),)
2026-09-17 12:43:53 | INFO | sqlalchemy.engine.Engine | [cached since 0.5632s ago] (UUID('3e311bc6-ffd1-4786-b21b-ef2b0c5ca196'),)
2026-09-17 12:43:53,614 INFO sqlalchemy.engine.Engine SELECT timeseries.analysis_id AS timeseries_analysis_id, timeseries.id AS timeseries_id, timeseries.date AS timeseries_date, timeseries.variable AS timeseries_variable, timeseries.value AS timeseries_value, timeseries.metadata AS timeseries_metadata, timeseries.created_at AS timeseries_created_at, timeseries.updated_at AS timeseries_updated_at 
FROM timeseries 
WHERE timeseries.analysis_id IN ($1::UUID)
2026-09-17 12:43:53 | INFO | sqlalchemy.engine.Engine | SELECT timeseries.analysis_id AS timeseries_analysis_id, timeseries.id AS timeseries_id, timeseries.date AS timeseries_date, timeseries.variable AS timeseries_variable, timeseries.value AS timeseries_value, timeseries.metadata AS timeseries_metadata, timeseries.created_at AS timeseries_created_at, timeseries.updated_at AS timeseries_updated_at 
FROM timeseries 
WHERE timeseries.analysis_id IN ($1::UUID)
2026-09-17 12:43:53,614 INFO sqlalchemy.engine.Engine [cached since 0.5571s ago] (UUID('3e311bc6-ffd1-4786-b21b-ef2b0c5ca196'),)
2026-09-17 12:43:53 | INFO | sqlalchemy.engine.Engine | [cached since 0.5571s ago] (UUID('3e311bc6-ffd1-4786-b21b-ef2b0c5ca196'),)
2026-09-17 12:43:53,620 INFO sqlalchemy.engine.Engine SELECT reports.analysis_id AS reports_analysis_id, reports.id AS reports_id, reports.file_path AS reports_file_path, reports.report_type AS reports_report_type, reports.created_at AS reports_created_at, reports.updated_at AS reports_updated_at 
FROM reports 
WHERE reports.analysis_id IN ($1::UUID)
2026-09-17 12:43:53 | INFO | sqlalchemy.engine.Engine | SELECT reports.analysis_id AS reports_analysis_id, reports.id AS reports_id, reports.file_path AS reports_file_path, reports.report_type AS reports_report_type, reports.created_at AS reports_created_at, reports.updated_at AS reports_updated_at 
FROM reports 
WHERE reports.analysis_id IN ($1::UUID)
2026-09-17 12:43:53,620 INFO sqlalchemy.engine.Engine [cached since 0.5566s ago] (UUID('3e311bc6-ffd1-4786-b21b-ef2b0c5ca196'),)
2026-09-17 12:43:53 | INFO | sqlalchemy.engine.Engine | [cached since 0.5566s ago] (UUID('3e311bc6-ffd1-4786-b21b-ef2b0c5ca196'),)
2026-09-17 12:43:53,623 INFO sqlalchemy.engine.Engine SELECT locations.id AS locations_id, locations.name AS locations_name, locations.geometry AS locations_geometry, locations.latitude AS locations_latitude, locations.longitude AS locations_longitude, locations.area_sq_meters AS locations_area_sq_meters, locations.centroid_lat AS locations_centroid_lat, locations.centroid_lng AS locations_centroid_lng, locations.geometry_type AS locations_geometry_type, locations.created_at AS locations_created_at, locations.updated_at AS locations_updated_at 
FROM locations 
WHERE locations.id IN ($1::UUID)
2026-09-17 12:43:53 | INFO | sqlalchemy.engine.Engine | SELECT locations.id AS locations_id, locations.name AS locations_name, locations.geometry AS locations_geometry, locations.latitude AS locations_latitude, locations.longitude AS locations_longitude, locations.area_sq_meters AS locations_area_sq_meters, locations.centroid_lat AS locations_centroid_lat, locations.centroid_lng AS locations_centroid_lng, locations.geometry_type AS locations_geometry_type, locations.created_at AS locations_created_at, locations.updated_at AS locations_updated_at 
FROM locations 
WHERE locations.id IN ($1::UUID)
2026-09-17 12:43:53,624 INFO sqlalchemy.engine.Engine [cached since 0.5503s ago] (UUID('fcf6af3e-ece4-4110-a7fc-cf690c438055'),)
2026-09-17 12:43:53 | INFO | sqlalchemy.engine.Engine | [cached since 0.5503s ago] (UUID('fcf6af3e-ece4-4110-a7fc-cf690c438055'),)
2026-09-17 12:43:53,627 INFO sqlalchemy.engine.Engine SELECT timeseries.id, timeseries.analysis_id, timeseries.date, timeseries.variable, timeseries.value, timeseries.metadata, timeseries.created_at, timeseries.updated_at 
FROM timeseries 
WHERE timeseries.analysis_id = $1::UUID ORDER BY timeseries.date
2026-09-17 12:43:53 | INFO | sqlalchemy.engine.Engine | SELECT timeseries.id, timeseries.analysis_id, timeseries.date, timeseries.variable, timeseries.value, timeseries.metadata, timeseries.created_at, timeseries.updated_at 
FROM timeseries 
WHERE timeseries.analysis_id = $1::UUID ORDER BY timeseries.date
2026-09-17 12:43:53,627 INFO sqlalchemy.engine.Engine [cached since 0.05247s ago] (UUID('3e311bc6-ffd1-4786-b21b-ef2b0c5ca196'),)
2026-09-17 12:43:53 | INFO | sqlalchemy.engine.Engine | [cached since 0.05247s ago] (UUID('3e311bc6-ffd1-4786-b21b-ef2b0c5ca196'),)
2026-09-17 12:43:53,635 INFO sqlalchemy.engine.Engine COMMIT
2026-09-17 12:43:53 | INFO | sqlalchemy.engine.Engine | COMMIT
INFO:     127.0.0.1:60992 - "GET /api/v1/analyses/3e311bc6-ffd1-4786-b21b-ef2b0c5ca196/timeseries HTTP/1.1" 200 OK
2026-09-17 12:44:44,293 INFO sqlalchemy.engine.Engine BEGIN (implicit)
2026-09-17 12:44:44 | INFO | sqlalchemy.engine.Engine | BEGIN (implicit)
2026-09-17 12:44:44,295 INFO sqlalchemy.engine.Engine INSERT INTO locations (id, name, geometry, latitude, longitude, area_sq_meters, centroid_lat, centroid_lng, geometry_type) VALUES ($1::UUID, $2::VARCHAR, $3::JSONB, $4::FLOAT, $5::FLOAT, $6::FLOAT, $7::FLOAT, $8::FLOAT, $9::VARCHAR) RETURNING locations.created_at, locations.updated_at
2026-09-17 12:44:44 | INFO | sqlalchemy.engine.Engine | INSERT INTO locations (id, name, geometry, latitude, longitude, area_sq_meters, centroid_lat, centroid_lng, geometry_type) VALUES ($1::UUID, $2::VARCHAR, $3::JSONB, $4::FLOAT, $5::FLOAT, $6::FLOAT, $7::FLOAT, $8::FLOAT, $9::VARCHAR) RETURNING locations.created_at, locations.updated_at
2026-09-17 12:44:44,302 INFO sqlalchemy.engine.Engine [cached since 68.74s ago] (UUID('67be24ba-12b2-482c-a3c9-0e9ac2aec6be'), None, '{"type": "Point", "coordinates": [53.688, 32.4279]}', 32.4279, 53.688, None, 32.4279, 53.688, 'Point')
2026-09-17 12:44:44 | INFO | sqlalchemy.engine.Engine | [cached since 68.74s ago] (UUID('67be24ba-12b2-482c-a3c9-0e9ac2aec6be'), None, '{"type": "Point", "coordinates": [53.688, 32.4279]}', 32.4279, 53.688, None, 32.4279, 53.688, 'Point')
2026-09-17 12:44:44,326 INFO sqlalchemy.engine.Engine INSERT INTO analyses (id, location_id, start_date, end_date, analysis_type, temporal_resolution, status, error_message, completed_at) VALUES ($1::UUID, $2::UUID, $3::VARCHAR, $4::VARCHAR, $5::VARCHAR, $6::VARCHAR, $7::VARCHAR, $8::VARCHAR, $9::TIMESTAMP WITH TIME ZONE) RETURNING analyses.created_at, analyses.updated_at
2026-09-17 12:44:44 | INFO | sqlalchemy.engine.Engine | INSERT INTO analyses (id, location_id, start_date, end_date, analysis_type, temporal_resolution, status, error_message, completed_at) VALUES ($1::UUID, $2::UUID, $3::VARCHAR, $4::VARCHAR, $5::VARCHAR, $6::VARCHAR, $7::VARCHAR, $8::VARCHAR, $9::TIMESTAMP WITH TIME ZONE) RETURNING analyses.created_at, analyses.updated_at
2026-09-17 12:44:44,327 INFO sqlalchemy.engine.Engine [cached since 68.47s ago] (UUID('6185a2a7-769d-4653-b132-1d2093617b39'), UUID('67be24ba-12b2-482c-a3c9-0e9ac2aec6be'), '2025-01-01', '2025-09-01', 'climate', 'monthly', 'running', None, None)
2026-09-17 12:44:44 | INFO | sqlalchemy.engine.Engine | [cached since 68.47s ago] (UUID('6185a2a7-769d-4653-b132-1d2093617b39'), UUID('67be24ba-12b2-482c-a3c9-0e9ac2aec6be'), '2025-01-01', '2025-09-01', 'climate', 'monthly', 'running', None, None)
2026-09-17 12:44:44 | INFO | app.services.analysis_service | Creating analysis aa6fb946-cfab-4993-a245-642bbdc83504: climate
2026-09-17 12:44:44,344 INFO sqlalchemy.engine.Engine UPDATE analyses SET status=$1::VARCHAR, error_message=$2::VARCHAR, completed_at=$3::TIMESTAMP WITH TIME ZONE, result_data=$4::JSONB, updated_at=now() WHERE analyses.id = $5::UUID
2026-09-17 12:44:44 | INFO | sqlalchemy.engine.Engine | UPDATE analyses SET status=$1::VARCHAR, error_message=$2::VARCHAR, completed_at=$3::TIMESTAMP WITH TIME ZONE, result_data=$4::JSONB, updated_at=now() WHERE analyses.id = $5::UUID
2026-09-17 12:44:44,345 INFO sqlalchemy.engine.Engine [cached since 51.75s ago] ('failed', None, datetime.datetime(2026, 9, 17, 9, 14, 44, 344754), '{"status": "not_implemented", "message": "Analysis type \'climate\' not yet implemented"}', UUID('6185a2a7-769d-4653-b132-1d2093617b39'))
2026-09-17 12:44:44 | INFO | sqlalchemy.engine.Engine | [cached since 51.75s ago] ('failed', None, datetime.datetime(2026, 9, 17, 9, 14, 44, 344754), '{"status": "not_implemented", "message": "Analysis type \'climate\' not yet implemented"}', UUID('6185a2a7-769d-4653-b132-1d2093617b39'))
2026-09-17 12:44:44,350 INFO sqlalchemy.engine.Engine SELECT analyses.id, analyses.location_id, analyses.start_date, analyses.end_date, analyses.analysis_type, analyses.temporal_resolution, analyses.status, analyses.error_message, analyses.completed_at, analyses.result_data, analyses.created_at, analyses.updated_at 
FROM analyses 
WHERE analyses.id = $1::UUID
2026-09-17 12:44:44 | INFO | sqlalchemy.engine.Engine | SELECT analyses.id, analyses.location_id, analyses.start_date, analyses.end_date, analyses.analysis_type, analyses.temporal_resolution, analyses.status, analyses.error_message, analyses.completed_at, analyses.result_data, analyses.created_at, analyses.updated_at 
FROM analyses 
WHERE analyses.id = $1::UUID
2026-09-17 12:44:44,351 INFO sqlalchemy.engine.Engine [cached since 51.69s ago] (UUID('6185a2a7-769d-4653-b132-1d2093617b39'),)
2026-09-17 12:44:44 | INFO | sqlalchemy.engine.Engine | [cached since 51.69s ago] (UUID('6185a2a7-769d-4653-b132-1d2093617b39'),)
2026-09-17 12:44:44,357 INFO sqlalchemy.engine.Engine SELECT dataset_usages.id AS dataset_usages_id, dataset_usages.analysis_id AS dataset_usages_analysis_id, dataset_usages.dataset_id AS dataset_usages_dataset_id, dataset_usages.variable AS dataset_usages_variable, dataset_usages.resolution AS dataset_usages_resolution, dataset_usages.date_range AS dataset_usages_date_range, dataset_usages.metadata AS dataset_usages_metadata, dataset_usages.created_at AS dataset_usages_created_at, dataset_usages.updated_at AS dataset_usages_updated_at 
FROM dataset_usages 
WHERE $1::UUID = dataset_usages.analysis_id
2026-09-17 12:44:44 | INFO | sqlalchemy.engine.Engine | SELECT dataset_usages.id AS dataset_usages_id, dataset_usages.analysis_id AS dataset_usages_analysis_id, dataset_usages.dataset_id AS dataset_usages_dataset_id, dataset_usages.variable AS dataset_usages_variable, dataset_usages.resolution AS dataset_usages_resolution, dataset_usages.date_range AS dataset_usages_date_range, dataset_usages.metadata AS dataset_usages_metadata, dataset_usages.created_at AS dataset_usages_created_at, dataset_usages.updated_at AS dataset_usages_updated_at 
FROM dataset_usages 
WHERE $1::UUID = dataset_usages.analysis_id
2026-09-17 12:44:44,358 INFO sqlalchemy.engine.Engine [cached since 51.66s ago] (UUID('6185a2a7-769d-4653-b132-1d2093617b39'),)
2026-09-17 12:44:44 | INFO | sqlalchemy.engine.Engine | [cached since 51.66s ago] (UUID('6185a2a7-769d-4653-b132-1d2093617b39'),)
2026-09-17 12:44:44,362 INFO sqlalchemy.engine.Engine SELECT timeseries.id AS timeseries_id, timeseries.analysis_id AS timeseries_analysis_id, timeseries.date AS timeseries_date, timeseries.variable AS timeseries_variable, timeseries.value AS timeseries_value, timeseries.metadata AS timeseries_metadata, timeseries.created_at AS timeseries_created_at, timeseries.updated_at AS timeseries_updated_at 
FROM timeseries 
WHERE $1::UUID = timeseries.analysis_id
2026-09-17 12:44:44 | INFO | sqlalchemy.engine.Engine | SELECT timeseries.id AS timeseries_id, timeseries.analysis_id AS timeseries_analysis_id, timeseries.date AS timeseries_date, timeseries.variable AS timeseries_variable, timeseries.value AS timeseries_value, timeseries.metadata AS timeseries_metadata, timeseries.created_at AS timeseries_created_at, timeseries.updated_at AS timeseries_updated_at 
FROM timeseries 
WHERE $1::UUID = timeseries.analysis_id
2026-09-17 12:44:44,363 INFO sqlalchemy.engine.Engine [cached since 51.64s ago] (UUID('6185a2a7-769d-4653-b132-1d2093617b39'),)
2026-09-17 12:44:44 | INFO | sqlalchemy.engine.Engine | [cached since 51.64s ago] (UUID('6185a2a7-769d-4653-b132-1d2093617b39'),)
2026-09-17 12:44:44,368 INFO sqlalchemy.engine.Engine SELECT reports.id AS reports_id, reports.analysis_id AS reports_analysis_id, reports.file_path AS reports_file_path, reports.report_type AS reports_report_type, reports.created_at AS reports_created_at, reports.updated_at AS reports_updated_at 
FROM reports 
WHERE $1::UUID = reports.analysis_id
2026-09-17 12:44:44 | INFO | sqlalchemy.engine.Engine | SELECT reports.id AS reports_id, reports.analysis_id AS reports_analysis_id, reports.file_path AS reports_file_path, reports.report_type AS reports_report_type, reports.created_at AS reports_created_at, reports.updated_at AS reports_updated_at 
FROM reports 
WHERE $1::UUID = reports.analysis_id
2026-09-17 12:44:44,369 INFO sqlalchemy.engine.Engine [cached since 51.62s ago] (UUID('6185a2a7-769d-4653-b132-1d2093617b39'),)
2026-09-17 12:44:44 | INFO | sqlalchemy.engine.Engine | [cached since 51.62s ago] (UUID('6185a2a7-769d-4653-b132-1d2093617b39'),)
2026-09-17 12:44:44,374 INFO sqlalchemy.engine.Engine COMMIT
2026-09-17 12:44:44 | INFO | sqlalchemy.engine.Engine | COMMIT
INFO:     127.0.0.1:61047 - "POST /api/v1/analyses HTTP/1.1" 201 Created
2026-09-17 12:44:44,398 INFO sqlalchemy.engine.Engine BEGIN (implicit)
2026-09-17 12:44:44 | INFO | sqlalchemy.engine.Engine | BEGIN (implicit)
2026-09-17 12:44:44,399 INFO sqlalchemy.engine.Engine SELECT analyses.id, analyses.location_id, analyses.start_date, analyses.end_date, analyses.analysis_type, analyses.temporal_resolution, analyses.status, analyses.error_message, analyses.completed_at, analyses.result_data, analyses.created_at, analyses.updated_at 
FROM analyses 
WHERE analyses.id = $1::UUID
2026-09-17 12:44:44 | INFO | sqlalchemy.engine.Engine | SELECT analyses.id, analyses.location_id, analyses.start_date, analyses.end_date, analyses.analysis_type, analyses.temporal_resolution, analyses.status, analyses.error_message, analyses.completed_at, analyses.result_data, analyses.created_at, analyses.updated_at 
FROM analyses 
WHERE analyses.id = $1::UUID
2026-09-17 12:44:44,399 INFO sqlalchemy.engine.Engine [cached since 51.38s ago] (UUID('6185a2a7-769d-4653-b132-1d2093617b39'),)
2026-09-17 12:44:44 | INFO | sqlalchemy.engine.Engine | [cached since 51.38s ago] (UUID('6185a2a7-769d-4653-b132-1d2093617b39'),)
2026-09-17 12:44:44,402 INFO sqlalchemy.engine.Engine BEGIN (implicit)
2026-09-17 12:44:44 | INFO | sqlalchemy.engine.Engine | BEGIN (implicit)
2026-09-17 12:44:44,402 INFO sqlalchemy.engine.Engine SELECT analyses.id, analyses.location_id, analyses.start_date, analyses.end_date, analyses.analysis_type, analyses.temporal_resolution, analyses.status, analyses.error_message, analyses.completed_at, analyses.result_data, analyses.created_at, analyses.updated_at 
FROM analyses 
WHERE analyses.id = $1::UUID
2026-09-17 12:44:44 | INFO | sqlalchemy.engine.Engine | SELECT analyses.id, analyses.location_id, analyses.start_date, analyses.end_date, analyses.analysis_type, analyses.temporal_resolution, analyses.status, analyses.error_message, analyses.completed_at, analyses.result_data, analyses.created_at, analyses.updated_at 
FROM analyses 
WHERE analyses.id = $1::UUID
2026-09-17 12:44:44,405 INFO sqlalchemy.engine.Engine [cached since 51.38s ago] (UUID('6185a2a7-769d-4653-b132-1d2093617b39'),)
2026-09-17 12:44:44 | INFO | sqlalchemy.engine.Engine | [cached since 51.38s ago] (UUID('6185a2a7-769d-4653-b132-1d2093617b39'),)
2026-09-17 12:44:44,412 INFO sqlalchemy.engine.Engine SELECT dataset_usages.analysis_id AS dataset_usages_analysis_id, dataset_usages.id AS dataset_usages_id, dataset_usages.dataset_id AS dataset_usages_dataset_id, dataset_usages.variable AS dataset_usages_variable, dataset_usages.resolution AS dataset_usages_resolution, dataset_usages.date_range AS dataset_usages_date_range, dataset_usages.metadata AS dataset_usages_metadata, dataset_usages.created_at AS dataset_usages_created_at, dataset_usages.updated_at AS dataset_usages_updated_at 
FROM dataset_usages 
WHERE dataset_usages.analysis_id IN ($1::UUID)
2026-09-17 12:44:44 | INFO | sqlalchemy.engine.Engine | SELECT dataset_usages.analysis_id AS dataset_usages_analysis_id, dataset_usages.id AS dataset_usages_id, dataset_usages.dataset_id AS dataset_usages_dataset_id, dataset_usages.variable AS dataset_usages_variable, dataset_usages.resolution AS dataset_usages_resolution, dataset_usages.date_range AS dataset_usages_date_range, dataset_usages.metadata AS dataset_usages_metadata, dataset_usages.created_at AS dataset_usages_created_at, dataset_usages.updated_at AS dataset_usages_updated_at 
FROM dataset_usages 
WHERE dataset_usages.analysis_id IN ($1::UUID)
2026-09-17 12:44:44,413 INFO sqlalchemy.engine.Engine [cached since 51.37s ago] (UUID('6185a2a7-769d-4653-b132-1d2093617b39'),)
2026-09-17 12:44:44 | INFO | sqlalchemy.engine.Engine | [cached since 51.37s ago] (UUID('6185a2a7-769d-4653-b132-1d2093617b39'),)
2026-09-17 12:44:44,416 INFO sqlalchemy.engine.Engine SELECT dataset_usages.analysis_id AS dataset_usages_analysis_id, dataset_usages.id AS dataset_usages_id, dataset_usages.dataset_id AS dataset_usages_dataset_id, dataset_usages.variable AS dataset_usages_variable, dataset_usages.resolution AS dataset_usages_resolution, dataset_usages.date_range AS dataset_usages_date_range, dataset_usages.metadata AS dataset_usages_metadata, dataset_usages.created_at AS dataset_usages_created_at, dataset_usages.updated_at AS dataset_usages_updated_at 
FROM dataset_usages 
WHERE dataset_usages.analysis_id IN ($1::UUID)
2026-09-17 12:44:44 | INFO | sqlalchemy.engine.Engine | SELECT dataset_usages.analysis_id AS dataset_usages_analysis_id, dataset_usages.id AS dataset_usages_id, dataset_usages.dataset_id AS dataset_usages_dataset_id, dataset_usages.variable AS dataset_usages_variable, dataset_usages.resolution AS dataset_usages_resolution, dataset_usages.date_range AS dataset_usages_date_range, dataset_usages.metadata AS dataset_usages_metadata, dataset_usages.created_at AS dataset_usages_created_at, dataset_usages.updated_at AS dataset_usages_updated_at 
FROM dataset_usages 
WHERE dataset_usages.analysis_id IN ($1::UUID)
2026-09-17 12:44:44,417 INFO sqlalchemy.engine.Engine [cached since 51.37s ago] (UUID('6185a2a7-769d-4653-b132-1d2093617b39'),)
2026-09-17 12:44:44 | INFO | sqlalchemy.engine.Engine | [cached since 51.37s ago] (UUID('6185a2a7-769d-4653-b132-1d2093617b39'),)
2026-09-17 12:44:44,419 INFO sqlalchemy.engine.Engine SELECT timeseries.analysis_id AS timeseries_analysis_id, timeseries.id AS timeseries_id, timeseries.date AS timeseries_date, timeseries.variable AS timeseries_variable, timeseries.value AS timeseries_value, timeseries.metadata AS timeseries_metadata, timeseries.created_at AS timeseries_created_at, timeseries.updated_at AS timeseries_updated_at 
FROM timeseries 
WHERE timeseries.analysis_id IN ($1::UUID)
2026-09-17 12:44:44 | INFO | sqlalchemy.engine.Engine | SELECT timeseries.analysis_id AS timeseries_analysis_id, timeseries.id AS timeseries_id, timeseries.date AS timeseries_date, timeseries.variable AS timeseries_variable, timeseries.value AS timeseries_value, timeseries.metadata AS timeseries_metadata, timeseries.created_at AS timeseries_created_at, timeseries.updated_at AS timeseries_updated_at 
FROM timeseries 
WHERE timeseries.analysis_id IN ($1::UUID)
2026-09-17 12:44:44,423 INFO sqlalchemy.engine.Engine [cached since 51.37s ago] (UUID('6185a2a7-769d-4653-b132-1d2093617b39'),)
2026-09-17 12:44:44 | INFO | sqlalchemy.engine.Engine | [cached since 51.37s ago] (UUID('6185a2a7-769d-4653-b132-1d2093617b39'),)
2026-09-17 12:44:44,426 INFO sqlalchemy.engine.Engine SELECT timeseries.analysis_id AS timeseries_analysis_id, timeseries.id AS timeseries_id, timeseries.date AS timeseries_date, timeseries.variable AS timeseries_variable, timeseries.value AS timeseries_value, timeseries.metadata AS timeseries_metadata, timeseries.created_at AS timeseries_created_at, timeseries.updated_at AS timeseries_updated_at 
FROM timeseries 
WHERE timeseries.analysis_id IN ($1::UUID)
2026-09-17 12:44:44 | INFO | sqlalchemy.engine.Engine | SELECT timeseries.analysis_id AS timeseries_analysis_id, timeseries.id AS timeseries_id, timeseries.date AS timeseries_date, timeseries.variable AS timeseries_variable, timeseries.value AS timeseries_value, timeseries.metadata AS timeseries_metadata, timeseries.created_at AS timeseries_created_at, timeseries.updated_at AS timeseries_updated_at 
FROM timeseries 
WHERE timeseries.analysis_id IN ($1::UUID)
2026-09-17 12:44:44,426 INFO sqlalchemy.engine.Engine [cached since 51.37s ago] (UUID('6185a2a7-769d-4653-b132-1d2093617b39'),)
2026-09-17 12:44:44 | INFO | sqlalchemy.engine.Engine | [cached since 51.37s ago] (UUID('6185a2a7-769d-4653-b132-1d2093617b39'),)
2026-09-17 12:44:44,430 INFO sqlalchemy.engine.Engine SELECT reports.analysis_id AS reports_analysis_id, reports.id AS reports_id, reports.file_path AS reports_file_path, reports.report_type AS reports_report_type, reports.created_at AS reports_created_at, reports.updated_at AS reports_updated_at 
FROM reports 
WHERE reports.analysis_id IN ($1::UUID)
2026-09-17 12:44:44 | INFO | sqlalchemy.engine.Engine | SELECT reports.analysis_id AS reports_analysis_id, reports.id AS reports_id, reports.file_path AS reports_file_path, reports.report_type AS reports_report_type, reports.created_at AS reports_created_at, reports.updated_at AS reports_updated_at 
FROM reports 
WHERE reports.analysis_id IN ($1::UUID)
2026-09-17 12:44:44,431 INFO sqlalchemy.engine.Engine [cached since 51.37s ago] (UUID('6185a2a7-769d-4653-b132-1d2093617b39'),)
2026-09-17 12:44:44 | INFO | sqlalchemy.engine.Engine | [cached since 51.37s ago] (UUID('6185a2a7-769d-4653-b132-1d2093617b39'),)
2026-09-17 12:44:44,433 INFO sqlalchemy.engine.Engine SELECT reports.analysis_id AS reports_analysis_id, reports.id AS reports_id, reports.file_path AS reports_file_path, reports.report_type AS reports_report_type, reports.created_at AS reports_created_at, reports.updated_at AS reports_updated_at 
FROM reports 
WHERE reports.analysis_id IN ($1::UUID)
2026-09-17 12:44:44 | INFO | sqlalchemy.engine.Engine | SELECT reports.analysis_id AS reports_analysis_id, reports.id AS reports_id, reports.file_path AS reports_file_path, reports.report_type AS reports_report_type, reports.created_at AS reports_created_at, reports.updated_at AS reports_updated_at 
FROM reports 
WHERE reports.analysis_id IN ($1::UUID)
2026-09-17 12:44:44,434 INFO sqlalchemy.engine.Engine [cached since 51.37s ago] (UUID('6185a2a7-769d-4653-b132-1d2093617b39'),)
2026-09-17 12:44:44 | INFO | sqlalchemy.engine.Engine | [cached since 51.37s ago] (UUID('6185a2a7-769d-4653-b132-1d2093617b39'),)
2026-09-17 12:44:44,436 INFO sqlalchemy.engine.Engine SELECT locations.id AS locations_id, locations.name AS locations_name, locations.geometry AS locations_geometry, locations.latitude AS locations_latitude, locations.longitude AS locations_longitude, locations.area_sq_meters AS locations_area_sq_meters, locations.centroid_lat AS locations_centroid_lat, locations.centroid_lng AS locations_centroid_lng, locations.geometry_type AS locations_geometry_type, locations.created_at AS locations_created_at, locations.updated_at AS locations_updated_at 
FROM locations 
WHERE locations.id IN ($1::UUID)
2026-09-17 12:44:44 | INFO | sqlalchemy.engine.Engine | SELECT locations.id AS locations_id, locations.name AS locations_name, locations.geometry AS locations_geometry, locations.latitude AS locations_latitude, locations.longitude AS locations_longitude, locations.area_sq_meters AS locations_area_sq_meters, locations.centroid_lat AS locations_centroid_lat, locations.centroid_lng AS locations_centroid_lng, locations.geometry_type AS locations_geometry_type, locations.created_at AS locations_created_at, locations.updated_at AS locations_updated_at 
FROM locations 
WHERE locations.id IN ($1::UUID)
2026-09-17 12:44:44,438 INFO sqlalchemy.engine.Engine [cached since 51.36s ago] (UUID('67be24ba-12b2-482c-a3c9-0e9ac2aec6be'),)
2026-09-17 12:44:44 | INFO | sqlalchemy.engine.Engine | [cached since 51.36s ago] (UUID('67be24ba-12b2-482c-a3c9-0e9ac2aec6be'),)
2026-09-17 12:44:44,442 INFO sqlalchemy.engine.Engine SELECT locations.id AS locations_id, locations.name AS locations_name, locations.geometry AS locations_geometry, locations.latitude AS locations_latitude, locations.longitude AS locations_longitude, locations.area_sq_meters AS locations_area_sq_meters, locations.centroid_lat AS locations_centroid_lat, locations.centroid_lng AS locations_centroid_lng, locations.geometry_type AS locations_geometry_type, locations.created_at AS locations_created_at, locations.updated_at AS locations_updated_at 
FROM locations 
WHERE locations.id IN ($1::UUID)
2026-09-17 12:44:44 | INFO | sqlalchemy.engine.Engine | SELECT locations.id AS locations_id, locations.name AS locations_name, locations.geometry AS locations_geometry, locations.latitude AS locations_latitude, locations.longitude AS locations_longitude, locations.area_sq_meters AS locations_area_sq_meters, locations.centroid_lat AS locations_centroid_lat, locations.centroid_lng AS locations_centroid_lng, locations.geometry_type AS locations_geometry_type, locations.created_at AS locations_created_at, locations.updated_at AS locations_updated_at 
FROM locations 
WHERE locations.id IN ($1::UUID)
2026-09-17 12:44:44,442 INFO sqlalchemy.engine.Engine [cached since 51.37s ago] (UUID('67be24ba-12b2-482c-a3c9-0e9ac2aec6be'),)
2026-09-17 12:44:44 | INFO | sqlalchemy.engine.Engine | [cached since 51.37s ago] (UUID('67be24ba-12b2-482c-a3c9-0e9ac2aec6be'),)
2026-09-17 12:44:44,448 INFO sqlalchemy.engine.Engine ROLLBACK
2026-09-17 12:44:44 | INFO | sqlalchemy.engine.Engine | ROLLBACK
2026-09-17 12:44:44,451 INFO sqlalchemy.engine.Engine SELECT timeseries.id, timeseries.analysis_id, timeseries.date, timeseries.variable, timeseries.value, timeseries.metadata, timeseries.created_at, timeseries.updated_at 
FROM timeseries 
WHERE timeseries.analysis_id = $1::UUID ORDER BY timeseries.date
2026-09-17 12:44:44 | INFO | sqlalchemy.engine.Engine | SELECT timeseries.id, timeseries.analysis_id, timeseries.date, timeseries.variable, timeseries.value, timeseries.metadata, timeseries.created_at, timeseries.updated_at 
FROM timeseries 
WHERE timeseries.analysis_id = $1::UUID ORDER BY timeseries.date
2026-09-17 12:44:44,452 INFO sqlalchemy.engine.Engine [cached since 50.88s ago] (UUID('6185a2a7-769d-4653-b132-1d2093617b39'),)
2026-09-17 12:44:44 | INFO | sqlalchemy.engine.Engine | [cached since 50.88s ago] (UUID('6185a2a7-769d-4653-b132-1d2093617b39'),)
2026-09-17 12:44:44,459 INFO sqlalchemy.engine.Engine COMMIT
2026-09-17 12:44:44 | INFO | sqlalchemy.engine.Engine | COMMIT
INFO:     127.0.0.1:61052 - "GET /api/v1/analyses/6185a2a7-769d-4653-b132-1d2093617b39/maps HTTP/1.1" 400 Bad Request
INFO:     127.0.0.1:61053 - "GET /api/v1/analyses/6185a2a7-769d-4653-b132-1d2093617b39/timeseries HTTP/1.1" 200 OK
2026-09-17 12:45:51,746 INFO sqlalchemy.engine.Engine BEGIN (implicit)
2026-09-17 12:45:51 | INFO | sqlalchemy.engine.Engine | BEGIN (implicit)
2026-09-17 12:45:51,748 INFO sqlalchemy.engine.Engine INSERT INTO locations (id, name, geometry, latitude, longitude, area_sq_meters, centroid_lat, centroid_lng, geometry_type) VALUES ($1::UUID, $2::VARCHAR, $3::JSONB, $4::FLOAT, $5::FLOAT, $6::FLOAT, $7::FLOAT, $8::FLOAT, $9::VARCHAR) RETURNING locations.created_at, locations.updated_at
2026-09-17 12:45:51 | INFO | sqlalchemy.engine.Engine | INSERT INTO locations (id, name, geometry, latitude, longitude, area_sq_meters, centroid_lat, centroid_lng, geometry_type) VALUES ($1::UUID, $2::VARCHAR, $3::JSONB, $4::FLOAT, $5::FLOAT, $6::FLOAT, $7::FLOAT, $8::FLOAT, $9::VARCHAR) RETURNING locations.created_at, locations.updated_at
2026-09-17 12:45:51,749 INFO sqlalchemy.engine.Engine [cached since 136.2s ago] (UUID('992651f0-8b5e-4e02-9cc4-10971e821a31'), None, '{"type": "Point", "coordinates": [53.688, 32.4279]}', 32.4279, 53.688, None, 32.4279, 53.688, 'Point')
2026-09-17 12:45:51 | INFO | sqlalchemy.engine.Engine | [cached since 136.2s ago] (UUID('992651f0-8b5e-4e02-9cc4-10971e821a31'), None, '{"type": "Point", "coordinates": [53.688, 32.4279]}', 32.4279, 53.688, None, 32.4279, 53.688, 'Point')
2026-09-17 12:45:51,762 INFO sqlalchemy.engine.Engine INSERT INTO analyses (id, location_id, start_date, end_date, analysis_type, temporal_resolution, status, error_message, completed_at) VALUES ($1::UUID, $2::UUID, $3::VARCHAR, $4::VARCHAR, $5::VARCHAR, $6::VARCHAR, $7::VARCHAR, $8::VARCHAR, $9::TIMESTAMP WITH TIME ZONE) RETURNING analyses.created_at, analyses.updated_at
2026-09-17 12:45:51 | INFO | sqlalchemy.engine.Engine | INSERT INTO analyses (id, location_id, start_date, end_date, analysis_type, temporal_resolution, status, error_message, completed_at) VALUES ($1::UUID, $2::UUID, $3::VARCHAR, $4::VARCHAR, $5::VARCHAR, $6::VARCHAR, $7::VARCHAR, $8::VARCHAR, $9::TIMESTAMP WITH TIME ZONE) RETURNING analyses.created_at, analyses.updated_at
2026-09-17 12:45:51,763 INFO sqlalchemy.engine.Engine [cached since 135.9s ago] (UUID('2c69a417-2369-437c-8a20-6b561061ef93'), UUID('992651f0-8b5e-4e02-9cc4-10971e821a31'), '2024-01-01', '2024-12-31', 'vegetation', 'monthly', 'running', None, None)
2026-09-17 12:45:51 | INFO | sqlalchemy.engine.Engine | [cached since 135.9s ago] (UUID('2c69a417-2369-437c-8a20-6b561061ef93'), UUID('992651f0-8b5e-4e02-9cc4-10971e821a31'), '2024-01-01', '2024-12-31', 'vegetation', 'monthly', 'running', None, None)
2026-09-17 12:45:51 | INFO | app.services.analysis_service | Creating analysis 826e1575-5016-44ee-b2e0-9a5943854230: vegetation
2026-09-17 12:45:51 | INFO | app.services.earth_engine.statistics | Computing vegetation analysis: 2024-01-01 to 2024-12-31
2026-09-17 12:46:05,967 INFO sqlalchemy.engine.Engine UPDATE analyses SET status=$1::VARCHAR, error_message=$2::VARCHAR, completed_at=$3::TIMESTAMP WITH TIME ZONE, result_data=$4::JSONB, updated_at=now() WHERE analyses.id = $5::UUID
2026-09-17 12:46:05 | INFO | sqlalchemy.engine.Engine | UPDATE analyses SET status=$1::VARCHAR, error_message=$2::VARCHAR, completed_at=$3::TIMESTAMP WITH TIME ZONE, result_data=$4::JSONB, updated_at=now() WHERE analyses.id = $5::UUID
2026-09-17 12:46:05,968 INFO sqlalchemy.engine.Engine [cached since 133.4s ago] ('completed', None, datetime.datetime(2026, 9, 17, 9, 16, 5, 965474), '{"status": "completed", "data_quality": "good", "image_count": 107, "date_range": {"start": "2024-01-01", "end": "2024-12-31"}, "statistics": {"NDVI" ... (1167 characters truncated) ... tation_health": "bare", "interpretation": "Minimal vegetation detected (NDVI=0.060). Field may be fallow, harvested, or experiencing severe stress."}', UUID('2c69a417-2369-437c-8a20-6b561061ef93'))
2026-09-17 12:46:05 | INFO | sqlalchemy.engine.Engine | [cached since 133.4s ago] ('completed', None, datetime.datetime(2026, 9, 17, 9, 16, 5, 965474), '{"status": "completed", "data_quality": "good", "image_count": 107, "date_range": {"start": "2024-01-01", "end": "2024-12-31"}, "statistics": {"NDVI" ... (1167 characters truncated) ... tation_health": "bare", "interpretation": "Minimal vegetation detected (NDVI=0.060). Field may be fallow, harvested, or experiencing severe stress."}', UUID('2c69a417-2369-437c-8a20-6b561061ef93'))
2026-09-17 12:46:05,972 INFO sqlalchemy.engine.Engine SELECT analyses.id, analyses.location_id, analyses.start_date, analyses.end_date, analyses.analysis_type, analyses.temporal_resolution, analyses.status, analyses.error_message, analyses.completed_at, analyses.result_data, analyses.created_at, analyses.updated_at 
FROM analyses 
WHERE analyses.id = $1::UUID
2026-09-17 12:46:05 | INFO | sqlalchemy.engine.Engine | SELECT analyses.id, analyses.location_id, analyses.start_date, analyses.end_date, analyses.analysis_type, analyses.temporal_resolution, analyses.status, analyses.error_message, analyses.completed_at, analyses.result_data, analyses.created_at, analyses.updated_at 
FROM analyses 
WHERE analyses.id = $1::UUID
2026-09-17 12:46:05,973 INFO sqlalchemy.engine.Engine [cached since 133.3s ago] (UUID('2c69a417-2369-437c-8a20-6b561061ef93'),)
2026-09-17 12:46:05 | INFO | sqlalchemy.engine.Engine | [cached since 133.3s ago] (UUID('2c69a417-2369-437c-8a20-6b561061ef93'),)
2026-09-17 12:46:05,976 INFO sqlalchemy.engine.Engine SELECT dataset_usages.id AS dataset_usages_id, dataset_usages.analysis_id AS dataset_usages_analysis_id, dataset_usages.dataset_id AS dataset_usages_dataset_id, dataset_usages.variable AS dataset_usages_variable, dataset_usages.resolution AS dataset_usages_resolution, dataset_usages.date_range AS dataset_usages_date_range, dataset_usages.metadata AS dataset_usages_metadata, dataset_usages.created_at AS dataset_usages_created_at, dataset_usages.updated_at AS dataset_usages_updated_at 
FROM dataset_usages 
WHERE $1::UUID = dataset_usages.analysis_id
2026-09-17 12:46:05 | INFO | sqlalchemy.engine.Engine | SELECT dataset_usages.id AS dataset_usages_id, dataset_usages.analysis_id AS dataset_usages_analysis_id, dataset_usages.dataset_id AS dataset_usages_dataset_id, dataset_usages.variable AS dataset_usages_variable, dataset_usages.resolution AS dataset_usages_resolution, dataset_usages.date_range AS dataset_usages_date_range, dataset_usages.metadata AS dataset_usages_metadata, dataset_usages.created_at AS dataset_usages_created_at, dataset_usages.updated_at AS dataset_usages_updated_at 
FROM dataset_usages 
WHERE $1::UUID = dataset_usages.analysis_id
2026-09-17 12:46:05,977 INFO sqlalchemy.engine.Engine [cached since 133.3s ago] (UUID('2c69a417-2369-437c-8a20-6b561061ef93'),)
2026-09-17 12:46:05 | INFO | sqlalchemy.engine.Engine | [cached since 133.3s ago] (UUID('2c69a417-2369-437c-8a20-6b561061ef93'),)
2026-09-17 12:46:05,980 INFO sqlalchemy.engine.Engine SELECT timeseries.id AS timeseries_id, timeseries.analysis_id AS timeseries_analysis_id, timeseries.date AS timeseries_date, timeseries.variable AS timeseries_variable, timeseries.value AS timeseries_value, timeseries.metadata AS timeseries_metadata, timeseries.created_at AS timeseries_created_at, timeseries.updated_at AS timeseries_updated_at 
FROM timeseries 
WHERE $1::UUID = timeseries.analysis_id
2026-09-17 12:46:05 | INFO | sqlalchemy.engine.Engine | SELECT timeseries.id AS timeseries_id, timeseries.analysis_id AS timeseries_analysis_id, timeseries.date AS timeseries_date, timeseries.variable AS timeseries_variable, timeseries.value AS timeseries_value, timeseries.metadata AS timeseries_metadata, timeseries.created_at AS timeseries_created_at, timeseries.updated_at AS timeseries_updated_at 
FROM timeseries 
WHERE $1::UUID = timeseries.analysis_id
2026-09-17 12:46:05,980 INFO sqlalchemy.engine.Engine [cached since 133.3s ago] (UUID('2c69a417-2369-437c-8a20-6b561061ef93'),)
2026-09-17 12:46:05 | INFO | sqlalchemy.engine.Engine | [cached since 133.3s ago] (UUID('2c69a417-2369-437c-8a20-6b561061ef93'),)
2026-09-17 12:46:05,985 INFO sqlalchemy.engine.Engine SELECT reports.id AS reports_id, reports.analysis_id AS reports_analysis_id, reports.file_path AS reports_file_path, reports.report_type AS reports_report_type, reports.created_at AS reports_created_at, reports.updated_at AS reports_updated_at 
FROM reports 
WHERE $1::UUID = reports.analysis_id
2026-09-17 12:46:05 | INFO | sqlalchemy.engine.Engine | SELECT reports.id AS reports_id, reports.analysis_id AS reports_analysis_id, reports.file_path AS reports_file_path, reports.report_type AS reports_report_type, reports.created_at AS reports_created_at, reports.updated_at AS reports_updated_at 
FROM reports 
WHERE $1::UUID = reports.analysis_id
2026-09-17 12:46:05,986 INFO sqlalchemy.engine.Engine [cached since 133.2s ago] (UUID('2c69a417-2369-437c-8a20-6b561061ef93'),)
2026-09-17 12:46:05 | INFO | sqlalchemy.engine.Engine | [cached since 133.2s ago] (UUID('2c69a417-2369-437c-8a20-6b561061ef93'),)
2026-09-17 12:46:05,989 INFO sqlalchemy.engine.Engine COMMIT
2026-09-17 12:46:05 | INFO | sqlalchemy.engine.Engine | COMMIT
INFO:     127.0.0.1:61318 - "POST /api/v1/analyses HTTP/1.1" 201 Created
2026-09-17 12:46:06,005 INFO sqlalchemy.engine.Engine BEGIN (implicit)
2026-09-17 12:46:06 | INFO | sqlalchemy.engine.Engine | BEGIN (implicit)
2026-09-17 12:46:06,007 INFO sqlalchemy.engine.Engine SELECT analyses.id, analyses.location_id, analyses.start_date, analyses.end_date, analyses.analysis_type, analyses.temporal_resolution, analyses.status, analyses.error_message, analyses.completed_at, analyses.result_data, analyses.created_at, analyses.updated_at 
FROM analyses 
WHERE analyses.id = $1::UUID
2026-09-17 12:46:06 | INFO | sqlalchemy.engine.Engine | SELECT analyses.id, analyses.location_id, analyses.start_date, analyses.end_date, analyses.analysis_type, analyses.temporal_resolution, analyses.status, analyses.error_message, analyses.completed_at, analyses.result_data, analyses.created_at, analyses.updated_at 
FROM analyses 
WHERE analyses.id = $1::UUID
2026-09-17 12:46:06,008 INFO sqlalchemy.engine.Engine [cached since 133s ago] (UUID('2c69a417-2369-437c-8a20-6b561061ef93'),)
2026-09-17 12:46:06 | INFO | sqlalchemy.engine.Engine | [cached since 133s ago] (UUID('2c69a417-2369-437c-8a20-6b561061ef93'),)
2026-09-17 12:46:06,012 INFO sqlalchemy.engine.Engine SELECT dataset_usages.analysis_id AS dataset_usages_analysis_id, dataset_usages.id AS dataset_usages_id, dataset_usages.dataset_id AS dataset_usages_dataset_id, dataset_usages.variable AS dataset_usages_variable, dataset_usages.resolution AS dataset_usages_resolution, dataset_usages.date_range AS dataset_usages_date_range, dataset_usages.metadata AS dataset_usages_metadata, dataset_usages.created_at AS dataset_usages_created_at, dataset_usages.updated_at AS dataset_usages_updated_at 
FROM dataset_usages 
WHERE dataset_usages.analysis_id IN ($1::UUID)
2026-09-17 12:46:06 | INFO | sqlalchemy.engine.Engine | SELECT dataset_usages.analysis_id AS dataset_usages_analysis_id, dataset_usages.id AS dataset_usages_id, dataset_usages.dataset_id AS dataset_usages_dataset_id, dataset_usages.variable AS dataset_usages_variable, dataset_usages.resolution AS dataset_usages_resolution, dataset_usages.date_range AS dataset_usages_date_range, dataset_usages.metadata AS dataset_usages_metadata, dataset_usages.created_at AS dataset_usages_created_at, dataset_usages.updated_at AS dataset_usages_updated_at 
FROM dataset_usages 
WHERE dataset_usages.analysis_id IN ($1::UUID)
2026-09-17 12:46:06,013 INFO sqlalchemy.engine.Engine [cached since 133s ago] (UUID('2c69a417-2369-437c-8a20-6b561061ef93'),)
2026-09-17 12:46:06 | INFO | sqlalchemy.engine.Engine | [cached since 133s ago] (UUID('2c69a417-2369-437c-8a20-6b561061ef93'),)
2026-09-17 12:46:06,018 INFO sqlalchemy.engine.Engine SELECT timeseries.analysis_id AS timeseries_analysis_id, timeseries.id AS timeseries_id, timeseries.date AS timeseries_date, timeseries.variable AS timeseries_variable, timeseries.value AS timeseries_value, timeseries.metadata AS timeseries_metadata, timeseries.created_at AS timeseries_created_at, timeseries.updated_at AS timeseries_updated_at 
FROM timeseries 
WHERE timeseries.analysis_id IN ($1::UUID)
2026-09-17 12:46:06 | INFO | sqlalchemy.engine.Engine | SELECT timeseries.analysis_id AS timeseries_analysis_id, timeseries.id AS timeseries_id, timeseries.date AS timeseries_date, timeseries.variable AS timeseries_variable, timeseries.value AS timeseries_value, timeseries.metadata AS timeseries_metadata, timeseries.created_at AS timeseries_created_at, timeseries.updated_at AS timeseries_updated_at 
FROM timeseries 
WHERE timeseries.analysis_id IN ($1::UUID)
2026-09-17 12:46:06,019 INFO sqlalchemy.engine.Engine [cached since 133s ago] (UUID('2c69a417-2369-437c-8a20-6b561061ef93'),)
2026-09-17 12:46:06 | INFO | sqlalchemy.engine.Engine | [cached since 133s ago] (UUID('2c69a417-2369-437c-8a20-6b561061ef93'),)
2026-09-17 12:46:06,022 INFO sqlalchemy.engine.Engine SELECT reports.analysis_id AS reports_analysis_id, reports.id AS reports_id, reports.file_path AS reports_file_path, reports.report_type AS reports_report_type, reports.created_at AS reports_created_at, reports.updated_at AS reports_updated_at 
FROM reports 
WHERE reports.analysis_id IN ($1::UUID)
2026-09-17 12:46:06 | INFO | sqlalchemy.engine.Engine | SELECT reports.analysis_id AS reports_analysis_id, reports.id AS reports_id, reports.file_path AS reports_file_path, reports.report_type AS reports_report_type, reports.created_at AS reports_created_at, reports.updated_at AS reports_updated_at 
FROM reports 
WHERE reports.analysis_id IN ($1::UUID)
2026-09-17 12:46:06,023 INFO sqlalchemy.engine.Engine [cached since 133s ago] (UUID('2c69a417-2369-437c-8a20-6b561061ef93'),)
2026-09-17 12:46:06 | INFO | sqlalchemy.engine.Engine | [cached since 133s ago] (UUID('2c69a417-2369-437c-8a20-6b561061ef93'),)
2026-09-17 12:46:06,026 INFO sqlalchemy.engine.Engine SELECT locations.id AS locations_id, locations.name AS locations_name, locations.geometry AS locations_geometry, locations.latitude AS locations_latitude, locations.longitude AS locations_longitude, locations.area_sq_meters AS locations_area_sq_meters, locations.centroid_lat AS locations_centroid_lat, locations.centroid_lng AS locations_centroid_lng, locations.geometry_type AS locations_geometry_type, locations.created_at AS locations_created_at, locations.updated_at AS locations_updated_at 
FROM locations 
WHERE locations.id IN ($1::UUID)
2026-09-17 12:46:06 | INFO | sqlalchemy.engine.Engine | SELECT locations.id AS locations_id, locations.name AS locations_name, locations.geometry AS locations_geometry, locations.latitude AS locations_latitude, locations.longitude AS locations_longitude, locations.area_sq_meters AS locations_area_sq_meters, locations.centroid_lat AS locations_centroid_lat, locations.centroid_lng AS locations_centroid_lng, locations.geometry_type AS locations_geometry_type, locations.created_at AS locations_created_at, locations.updated_at AS locations_updated_at 
FROM locations 
WHERE locations.id IN ($1::UUID)
2026-09-17 12:46:06,027 INFO sqlalchemy.engine.Engine [cached since 133s ago] (UUID('992651f0-8b5e-4e02-9cc4-10971e821a31'),)
2026-09-17 12:46:06 | INFO | sqlalchemy.engine.Engine | [cached since 133s ago] (UUID('992651f0-8b5e-4e02-9cc4-10971e821a31'),)
2026-09-17 12:46:06,030 INFO sqlalchemy.engine.Engine SELECT timeseries.id, timeseries.analysis_id, timeseries.date, timeseries.variable, timeseries.value, timeseries.metadata, timeseries.created_at, timeseries.updated_at 
FROM timeseries 
WHERE timeseries.analysis_id = $1::UUID ORDER BY timeseries.date
2026-09-17 12:46:06 | INFO | sqlalchemy.engine.Engine | SELECT timeseries.id, timeseries.analysis_id, timeseries.date, timeseries.variable, timeseries.value, timeseries.metadata, timeseries.created_at, timeseries.updated_at 
FROM timeseries 
WHERE timeseries.analysis_id = $1::UUID ORDER BY timeseries.date
2026-09-17 12:46:06,031 INFO sqlalchemy.engine.Engine [cached since 132.5s ago] (UUID('2c69a417-2369-437c-8a20-6b561061ef93'),)
2026-09-17 12:46:06 | INFO | sqlalchemy.engine.Engine | [cached since 132.5s ago] (UUID('2c69a417-2369-437c-8a20-6b561061ef93'),)
2026-09-17 12:46:06,035 INFO sqlalchemy.engine.Engine COMMIT
2026-09-17 12:46:06 | INFO | sqlalchemy.engine.Engine | COMMIT
INFO:     127.0.0.1:61330 - "GET /api/v1/analyses/2c69a417-2369-437c-8a20-6b561061ef93/timeseries HTTP/1.1" 200 OK
2026-09-17 12:46:06,046 INFO sqlalchemy.engine.Engine BEGIN (implicit)
2026-09-17 12:46:06 | INFO | sqlalchemy.engine.Engine | BEGIN (implicit)
2026-09-17 12:46:06,051 INFO sqlalchemy.engine.Engine INSERT INTO locations (id, name, geometry, latitude, longitude, area_sq_meters, centroid_lat, centroid_lng, geometry_type) VALUES ($1::UUID, $2::VARCHAR, $3::JSONB, $4::FLOAT, $5::FLOAT, $6::FLOAT, $7::FLOAT, $8::FLOAT, $9::VARCHAR) RETURNING locations.created_at, locations.updated_at
2026-09-17 12:46:06 | INFO | sqlalchemy.engine.Engine | INSERT INTO locations (id, name, geometry, latitude, longitude, area_sq_meters, centroid_lat, centroid_lng, geometry_type) VALUES ($1::UUID, $2::VARCHAR, $3::JSONB, $4::FLOAT, $5::FLOAT, $6::FLOAT, $7::FLOAT, $8::FLOAT, $9::VARCHAR) RETURNING locations.created_at, locations.updated_at
2026-09-17 12:46:06,052 INFO sqlalchemy.engine.Engine [cached since 150.5s ago] (UUID('e08640bc-abc9-4f27-a1ce-ab0bfc61dddd'), None, '{"type": "Point", "coordinates": [53.688, 32.4279]}', 32.4279, 53.688, None, 32.4279, 53.688, 'Point')
2026-09-17 12:46:06 | INFO | sqlalchemy.engine.Engine | [cached since 150.5s ago] (UUID('e08640bc-abc9-4f27-a1ce-ab0bfc61dddd'), None, '{"type": "Point", "coordinates": [53.688, 32.4279]}', 32.4279, 53.688, None, 32.4279, 53.688, 'Point')
2026-09-17 12:46:06,057 INFO sqlalchemy.engine.Engine INSERT INTO analyses (id, location_id, start_date, end_date, analysis_type, temporal_resolution, status, error_message, completed_at) VALUES ($1::UUID, $2::UUID, $3::VARCHAR, $4::VARCHAR, $5::VARCHAR, $6::VARCHAR, $7::VARCHAR, $8::VARCHAR, $9::TIMESTAMP WITH TIME ZONE) RETURNING analyses.created_at, analyses.updated_at
2026-09-17 12:46:06 | INFO | sqlalchemy.engine.Engine | INSERT INTO analyses (id, location_id, start_date, end_date, analysis_type, temporal_resolution, status, error_message, completed_at) VALUES ($1::UUID, $2::UUID, $3::VARCHAR, $4::VARCHAR, $5::VARCHAR, $6::VARCHAR, $7::VARCHAR, $8::VARCHAR, $9::TIMESTAMP WITH TIME ZONE) RETURNING analyses.created_at, analyses.updated_at
2026-09-17 12:46:06,058 INFO sqlalchemy.engine.Engine [cached since 150.2s ago] (UUID('b65e0791-8a8f-4deb-a681-1aa61db74b7c'), UUID('e08640bc-abc9-4f27-a1ce-ab0bfc61dddd'), '2025-01-01', '2025-12-31', 'vegetation', 'monthly', 'running', None, None)
2026-09-17 12:46:06 | INFO | sqlalchemy.engine.Engine | [cached since 150.2s ago] (UUID('b65e0791-8a8f-4deb-a681-1aa61db74b7c'), UUID('e08640bc-abc9-4f27-a1ce-ab0bfc61dddd'), '2025-01-01', '2025-12-31', 'vegetation', 'monthly', 'running', None, None)
2026-09-17 12:46:06 | INFO | app.services.analysis_service | Creating analysis 5ceb8231-a08c-48fc-a975-8a019e836dc6: vegetation
2026-09-17 12:46:06 | INFO | app.services.earth_engine.statistics | Computing vegetation analysis: 2025-01-01 to 2025-12-31
2026-09-17 12:46:20,411 INFO sqlalchemy.engine.Engine UPDATE analyses SET status=$1::VARCHAR, error_message=$2::VARCHAR, completed_at=$3::TIMESTAMP WITH TIME ZONE, result_data=$4::JSONB, updated_at=now() WHERE analyses.id = $5::UUID
2026-09-17 12:46:20 | INFO | sqlalchemy.engine.Engine | UPDATE analyses SET status=$1::VARCHAR, error_message=$2::VARCHAR, completed_at=$3::TIMESTAMP WITH TIME ZONE, result_data=$4::JSONB, updated_at=now() WHERE analyses.id = $5::UUID
2026-09-17 12:46:20,415 INFO sqlalchemy.engine.Engine [cached since 147.8s ago] ('completed', None, datetime.datetime(2026, 9, 17, 9, 16, 20, 410579), '{"status": "completed", "data_quality": "good", "image_count": 135, "date_range": {"start": "2025-01-01", "end": "2025-12-31"}, "statistics": {"NDVI" ... (1167 characters truncated) ... tation_health": "bare", "interpretation": "Minimal vegetation detected (NDVI=0.058). Field may be fallow, harvested, or experiencing severe stress."}', UUID('b65e0791-8a8f-4deb-a681-1aa61db74b7c'))
2026-09-17 12:46:20 | INFO | sqlalchemy.engine.Engine | [cached since 147.8s ago] ('completed', None, datetime.datetime(2026, 9, 17, 9, 16, 20, 410579), '{"status": "completed", "data_quality": "good", "image_count": 135, "date_range": {"start": "2025-01-01", "end": "2025-12-31"}, "statistics": {"NDVI" ... (1167 characters truncated) ... tation_health": "bare", "interpretation": "Minimal vegetation detected (NDVI=0.058). Field may be fallow, harvested, or experiencing severe stress."}', UUID('b65e0791-8a8f-4deb-a681-1aa61db74b7c'))
2026-09-17 12:46:20,418 INFO sqlalchemy.engine.Engine SELECT analyses.id, analyses.location_id, analyses.start_date, analyses.end_date, analyses.analysis_type, analyses.temporal_resolution, analyses.status, analyses.error_message, analyses.completed_at, analyses.result_data, analyses.created_at, analyses.updated_at 
FROM analyses 
WHERE analyses.id = $1::UUID
2026-09-17 12:46:20 | INFO | sqlalchemy.engine.Engine | SELECT analyses.id, analyses.location_id, analyses.start_date, analyses.end_date, analyses.analysis_type, analyses.temporal_resolution, analyses.status, analyses.error_message, analyses.completed_at, analyses.result_data, analyses.created_at, analyses.updated_at 
FROM analyses 
WHERE analyses.id = $1::UUID
2026-09-17 12:46:20,419 INFO sqlalchemy.engine.Engine [cached since 147.8s ago] (UUID('b65e0791-8a8f-4deb-a681-1aa61db74b7c'),)
2026-09-17 12:46:20 | INFO | sqlalchemy.engine.Engine | [cached since 147.8s ago] (UUID('b65e0791-8a8f-4deb-a681-1aa61db74b7c'),)
2026-09-17 12:46:20,422 INFO sqlalchemy.engine.Engine SELECT dataset_usages.id AS dataset_usages_id, dataset_usages.analysis_id AS dataset_usages_analysis_id, dataset_usages.dataset_id AS dataset_usages_dataset_id, dataset_usages.variable AS dataset_usages_variable, dataset_usages.resolution AS dataset_usages_resolution, dataset_usages.date_range AS dataset_usages_date_range, dataset_usages.metadata AS dataset_usages_metadata, dataset_usages.created_at AS dataset_usages_created_at, dataset_usages.updated_at AS dataset_usages_updated_at 
FROM dataset_usages 
WHERE $1::UUID = dataset_usages.analysis_id
2026-09-17 12:46:20 | INFO | sqlalchemy.engine.Engine | SELECT dataset_usages.id AS dataset_usages_id, dataset_usages.analysis_id AS dataset_usages_analysis_id, dataset_usages.dataset_id AS dataset_usages_dataset_id, dataset_usages.variable AS dataset_usages_variable, dataset_usages.resolution AS dataset_usages_resolution, dataset_usages.date_range AS dataset_usages_date_range, dataset_usages.metadata AS dataset_usages_metadata, dataset_usages.created_at AS dataset_usages_created_at, dataset_usages.updated_at AS dataset_usages_updated_at 
FROM dataset_usages 
WHERE $1::UUID = dataset_usages.analysis_id
2026-09-17 12:46:20,422 INFO sqlalchemy.engine.Engine [cached since 147.7s ago] (UUID('b65e0791-8a8f-4deb-a681-1aa61db74b7c'),)
2026-09-17 12:46:20 | INFO | sqlalchemy.engine.Engine | [cached since 147.7s ago] (UUID('b65e0791-8a8f-4deb-a681-1aa61db74b7c'),)
2026-09-17 12:46:20,426 INFO sqlalchemy.engine.Engine SELECT timeseries.id AS timeseries_id, timeseries.analysis_id AS timeseries_analysis_id, timeseries.date AS timeseries_date, timeseries.variable AS timeseries_variable, timeseries.value AS timeseries_value, timeseries.metadata AS timeseries_metadata, timeseries.created_at AS timeseries_created_at, timeseries.updated_at AS timeseries_updated_at 
FROM timeseries 
WHERE $1::UUID = timeseries.analysis_id
2026-09-17 12:46:20 | INFO | sqlalchemy.engine.Engine | SELECT timeseries.id AS timeseries_id, timeseries.analysis_id AS timeseries_analysis_id, timeseries.date AS timeseries_date, timeseries.variable AS timeseries_variable, timeseries.value AS timeseries_value, timeseries.metadata AS timeseries_metadata, timeseries.created_at AS timeseries_created_at, timeseries.updated_at AS timeseries_updated_at 
FROM timeseries 
WHERE $1::UUID = timeseries.analysis_id
2026-09-17 12:46:20,427 INFO sqlalchemy.engine.Engine [cached since 147.7s ago] (UUID('b65e0791-8a8f-4deb-a681-1aa61db74b7c'),)
2026-09-17 12:46:20 | INFO | sqlalchemy.engine.Engine | [cached since 147.7s ago] (UUID('b65e0791-8a8f-4deb-a681-1aa61db74b7c'),)
2026-09-17 12:46:20,431 INFO sqlalchemy.engine.Engine SELECT reports.id AS reports_id, reports.analysis_id AS reports_analysis_id, reports.file_path AS reports_file_path, reports.report_type AS reports_report_type, reports.created_at AS reports_created_at, reports.updated_at AS reports_updated_at 
FROM reports 
WHERE $1::UUID = reports.analysis_id
2026-09-17 12:46:20 | INFO | sqlalchemy.engine.Engine | SELECT reports.id AS reports_id, reports.analysis_id AS reports_analysis_id, reports.file_path AS reports_file_path, reports.report_type AS reports_report_type, reports.created_at AS reports_created_at, reports.updated_at AS reports_updated_at 
FROM reports 
WHERE $1::UUID = reports.analysis_id
2026-09-17 12:46:20,432 INFO sqlalchemy.engine.Engine [cached since 147.7s ago] (UUID('b65e0791-8a8f-4deb-a681-1aa61db74b7c'),)
2026-09-17 12:46:20 | INFO | sqlalchemy.engine.Engine | [cached since 147.7s ago] (UUID('b65e0791-8a8f-4deb-a681-1aa61db74b7c'),)
2026-09-17 12:46:20,436 INFO sqlalchemy.engine.Engine COMMIT
2026-09-17 12:46:20 | INFO | sqlalchemy.engine.Engine | COMMIT
INFO:     127.0.0.1:61333 - "POST /api/v1/analyses HTTP/1.1" 201 Created
2026-09-17 12:46:20,464 INFO sqlalchemy.engine.Engine BEGIN (implicit)
2026-09-17 12:46:20 | INFO | sqlalchemy.engine.Engine | BEGIN (implicit)
2026-09-17 12:46:20,465 INFO sqlalchemy.engine.Engine SELECT analyses.id, analyses.location_id, analyses.start_date, analyses.end_date, analyses.analysis_type, analyses.temporal_resolution, analyses.status, analyses.error_message, analyses.completed_at, analyses.result_data, analyses.created_at, analyses.updated_at 
FROM analyses 
WHERE analyses.id = $1::UUID
2026-09-17 12:46:20 | INFO | sqlalchemy.engine.Engine | SELECT analyses.id, analyses.location_id, analyses.start_date, analyses.end_date, analyses.analysis_type, analyses.temporal_resolution, analyses.status, analyses.error_message, analyses.completed_at, analyses.result_data, analyses.created_at, analyses.updated_at 
FROM analyses 
WHERE analyses.id = $1::UUID
2026-09-17 12:46:20,466 INFO sqlalchemy.engine.Engine [cached since 147.4s ago] (UUID('b65e0791-8a8f-4deb-a681-1aa61db74b7c'),)
2026-09-17 12:46:20 | INFO | sqlalchemy.engine.Engine | [cached since 147.4s ago] (UUID('b65e0791-8a8f-4deb-a681-1aa61db74b7c'),)
2026-09-17 12:46:20,471 INFO sqlalchemy.engine.Engine SELECT dataset_usages.analysis_id AS dataset_usages_analysis_id, dataset_usages.id AS dataset_usages_id, dataset_usages.dataset_id AS dataset_usages_dataset_id, dataset_usages.variable AS dataset_usages_variable, dataset_usages.resolution AS dataset_usages_resolution, dataset_usages.date_range AS dataset_usages_date_range, dataset_usages.metadata AS dataset_usages_metadata, dataset_usages.created_at AS dataset_usages_created_at, dataset_usages.updated_at AS dataset_usages_updated_at 
FROM dataset_usages 
WHERE dataset_usages.analysis_id IN ($1::UUID)
2026-09-17 12:46:20 | INFO | sqlalchemy.engine.Engine | SELECT dataset_usages.analysis_id AS dataset_usages_analysis_id, dataset_usages.id AS dataset_usages_id, dataset_usages.dataset_id AS dataset_usages_dataset_id, dataset_usages.variable AS dataset_usages_variable, dataset_usages.resolution AS dataset_usages_resolution, dataset_usages.date_range AS dataset_usages_date_range, dataset_usages.metadata AS dataset_usages_metadata, dataset_usages.created_at AS dataset_usages_created_at, dataset_usages.updated_at AS dataset_usages_updated_at 
FROM dataset_usages 
WHERE dataset_usages.analysis_id IN ($1::UUID)
2026-09-17 12:46:20,472 INFO sqlalchemy.engine.Engine [cached since 147.4s ago] (UUID('b65e0791-8a8f-4deb-a681-1aa61db74b7c'),)
2026-09-17 12:46:20 | INFO | sqlalchemy.engine.Engine | [cached since 147.4s ago] (UUID('b65e0791-8a8f-4deb-a681-1aa61db74b7c'),)
2026-09-17 12:46:20,476 INFO sqlalchemy.engine.Engine SELECT timeseries.analysis_id AS timeseries_analysis_id, timeseries.id AS timeseries_id, timeseries.date AS timeseries_date, timeseries.variable AS timeseries_variable, timeseries.value AS timeseries_value, timeseries.metadata AS timeseries_metadata, timeseries.created_at AS timeseries_created_at, timeseries.updated_at AS timeseries_updated_at 
FROM timeseries 
WHERE timeseries.analysis_id IN ($1::UUID)
2026-09-17 12:46:20 | INFO | sqlalchemy.engine.Engine | SELECT timeseries.analysis_id AS timeseries_analysis_id, timeseries.id AS timeseries_id, timeseries.date AS timeseries_date, timeseries.variable AS timeseries_variable, timeseries.value AS timeseries_value, timeseries.metadata AS timeseries_metadata, timeseries.created_at AS timeseries_created_at, timeseries.updated_at AS timeseries_updated_at 
FROM timeseries 
WHERE timeseries.analysis_id IN ($1::UUID)
2026-09-17 12:46:20,476 INFO sqlalchemy.engine.Engine [cached since 147.4s ago] (UUID('b65e0791-8a8f-4deb-a681-1aa61db74b7c'),)
2026-09-17 12:46:20 | INFO | sqlalchemy.engine.Engine | [cached since 147.4s ago] (UUID('b65e0791-8a8f-4deb-a681-1aa61db74b7c'),)
2026-09-17 12:46:20,481 INFO sqlalchemy.engine.Engine SELECT reports.analysis_id AS reports_analysis_id, reports.id AS reports_id, reports.file_path AS reports_file_path, reports.report_type AS reports_report_type, reports.created_at AS reports_created_at, reports.updated_at AS reports_updated_at 
FROM reports 
WHERE reports.analysis_id IN ($1::UUID)
2026-09-17 12:46:20 | INFO | sqlalchemy.engine.Engine | SELECT reports.analysis_id AS reports_analysis_id, reports.id AS reports_id, reports.file_path AS reports_file_path, reports.report_type AS reports_report_type, reports.created_at AS reports_created_at, reports.updated_at AS reports_updated_at 
FROM reports 
WHERE reports.analysis_id IN ($1::UUID)
2026-09-17 12:46:20,482 INFO sqlalchemy.engine.Engine [cached since 147.4s ago] (UUID('b65e0791-8a8f-4deb-a681-1aa61db74b7c'),)
2026-09-17 12:46:20 | INFO | sqlalchemy.engine.Engine | [cached since 147.4s ago] (UUID('b65e0791-8a8f-4deb-a681-1aa61db74b7c'),)
2026-09-17 12:46:20,485 INFO sqlalchemy.engine.Engine SELECT locations.id AS locations_id, locations.name AS locations_name, locations.geometry AS locations_geometry, locations.latitude AS locations_latitude, locations.longitude AS locations_longitude, locations.area_sq_meters AS locations_area_sq_meters, locations.centroid_lat AS locations_centroid_lat, locations.centroid_lng AS locations_centroid_lng, locations.geometry_type AS locations_geometry_type, locations.created_at AS locations_created_at, locations.updated_at AS locations_updated_at 
FROM locations 
WHERE locations.id IN ($1::UUID)
2026-09-17 12:46:20 | INFO | sqlalchemy.engine.Engine | SELECT locations.id AS locations_id, locations.name AS locations_name, locations.geometry AS locations_geometry, locations.latitude AS locations_latitude, locations.longitude AS locations_longitude, locations.area_sq_meters AS locations_area_sq_meters, locations.centroid_lat AS locations_centroid_lat, locations.centroid_lng AS locations_centroid_lng, locations.geometry_type AS locations_geometry_type, locations.created_at AS locations_created_at, locations.updated_at AS locations_updated_at 
FROM locations 
WHERE locations.id IN ($1::UUID)
2026-09-17 12:46:20,486 INFO sqlalchemy.engine.Engine [cached since 147.4s ago] (UUID('e08640bc-abc9-4f27-a1ce-ab0bfc61dddd'),)
2026-09-17 12:46:20 | INFO | sqlalchemy.engine.Engine | [cached since 147.4s ago] (UUID('e08640bc-abc9-4f27-a1ce-ab0bfc61dddd'),)
2026-09-17 12:46:20,489 INFO sqlalchemy.engine.Engine SELECT timeseries.id, timeseries.analysis_id, timeseries.date, timeseries.variable, timeseries.value, timeseries.metadata, timeseries.created_at, timeseries.updated_at 
FROM timeseries 
WHERE timeseries.analysis_id = $1::UUID ORDER BY timeseries.date
2026-09-17 12:46:20 | INFO | sqlalchemy.engine.Engine | SELECT timeseries.id, timeseries.analysis_id, timeseries.date, timeseries.variable, timeseries.value, timeseries.metadata, timeseries.created_at, timeseries.updated_at 
FROM timeseries 
WHERE timeseries.analysis_id = $1::UUID ORDER BY timeseries.date
2026-09-17 12:46:20,490 INFO sqlalchemy.engine.Engine [cached since 146.9s ago] (UUID('b65e0791-8a8f-4deb-a681-1aa61db74b7c'),)
2026-09-17 12:46:20 | INFO | sqlalchemy.engine.Engine | [cached since 146.9s ago] (UUID('b65e0791-8a8f-4deb-a681-1aa61db74b7c'),)
2026-09-17 12:46:20,493 INFO sqlalchemy.engine.Engine COMMIT
2026-09-17 12:46:20 | INFO | sqlalchemy.engine.Engine | COMMIT
INFO:     127.0.0.1:61352 - "GET /api/v1/analyses/b65e0791-8a8f-4deb-a681-1aa61db74b7c/timeseries HTTP/1.1" 200 OK
2026-09-17 12:46:33,063 INFO sqlalchemy.engine.Engine BEGIN (implicit)
2026-09-17 12:46:33 | INFO | sqlalchemy.engine.Engine | BEGIN (implicit)
2026-09-17 12:46:33,064 INFO sqlalchemy.engine.Engine SELECT analyses.id, analyses.location_id, analyses.start_date, analyses.end_date, analyses.analysis_type, analyses.temporal_resolution, analyses.status, analyses.error_message, analyses.completed_at, analyses.result_data, analyses.created_at, analyses.updated_at 
FROM analyses ORDER BY analyses.created_at DESC 
 LIMIT $1::INTEGER OFFSET $2::INTEGER
2026-09-17 12:46:33 | INFO | sqlalchemy.engine.Engine | SELECT analyses.id, analyses.location_id, analyses.start_date, analyses.end_date, analyses.analysis_type, analyses.temporal_resolution, analyses.status, analyses.error_message, analyses.completed_at, analyses.result_data, analyses.created_at, analyses.updated_at 
FROM analyses ORDER BY analyses.created_at DESC 
 LIMIT $1::INTEGER OFFSET $2::INTEGER
2026-09-17 12:46:33,065 INFO sqlalchemy.engine.Engine [cached since 3.526e+05s ago] (50, 0)
2026-09-17 12:46:33 | INFO | sqlalchemy.engine.Engine | [cached since 3.526e+05s ago] (50, 0)
2026-09-17 12:46:33,091 INFO sqlalchemy.engine.Engine SELECT dataset_usages.analysis_id AS dataset_usages_analysis_id, dataset_usages.id AS dataset_usages_id, dataset_usages.dataset_id AS dataset_usages_dataset_id, dataset_usages.variable AS dataset_usages_variable, dataset_usages.resolution AS dataset_usages_resolution, dataset_usages.date_range AS dataset_usages_date_range, dataset_usages.metadata AS dataset_usages_metadata, dataset_usages.created_at AS dataset_usages_created_at, dataset_usages.updated_at AS dataset_usages_updated_at 
FROM dataset_usages 
WHERE dataset_usages.analysis_id IN ($1::UUID, $2::UUID, $3::UUID, $4::UUID)
2026-09-17 12:46:33 | INFO | sqlalchemy.engine.Engine | SELECT dataset_usages.analysis_id AS dataset_usages_analysis_id, dataset_usages.id AS dataset_usages_id, dataset_usages.dataset_id AS dataset_usages_dataset_id, dataset_usages.variable AS dataset_usages_variable, dataset_usages.resolution AS dataset_usages_resolution, dataset_usages.date_range AS dataset_usages_date_range, dataset_usages.metadata AS dataset_usages_metadata, dataset_usages.created_at AS dataset_usages_created_at, dataset_usages.updated_at AS dataset_usages_updated_at 
FROM dataset_usages 
WHERE dataset_usages.analysis_id IN ($1::UUID, $2::UUID, $3::UUID, $4::UUID)
2026-09-17 12:46:33,094 INFO sqlalchemy.engine.Engine [cached since 160s ago] (UUID('b65e0791-8a8f-4deb-a681-1aa61db74b7c'), UUID('2c69a417-2369-437c-8a20-6b561061ef93'), UUID('6185a2a7-769d-4653-b132-1d2093617b39'), UUID('3e311bc6-ffd1-4786-b21b-ef2b0c5ca196'))
2026-09-17 12:46:33 | INFO | sqlalchemy.engine.Engine | [cached since 160s ago] (UUID('b65e0791-8a8f-4deb-a681-1aa61db74b7c'), UUID('2c69a417-2369-437c-8a20-6b561061ef93'), UUID('6185a2a7-769d-4653-b132-1d2093617b39'), UUID('3e311bc6-ffd1-4786-b21b-ef2b0c5ca196'))
2026-09-17 12:46:33,105 INFO sqlalchemy.engine.Engine SELECT timeseries.analysis_id AS timeseries_analysis_id, timeseries.id AS timeseries_id, timeseries.date AS timeseries_date, timeseries.variable AS timeseries_variable, timeseries.value AS timeseries_value, timeseries.metadata AS timeseries_metadata, timeseries.created_at AS timeseries_created_at, timeseries.updated_at AS timeseries_updated_at 
FROM timeseries 
WHERE timeseries.analysis_id IN ($1::UUID, $2::UUID, $3::UUID, $4::UUID)
2026-09-17 12:46:33 | INFO | sqlalchemy.engine.Engine | SELECT timeseries.analysis_id AS timeseries_analysis_id, timeseries.id AS timeseries_id, timeseries.date AS timeseries_date, timeseries.variable AS timeseries_variable, timeseries.value AS timeseries_value, timeseries.metadata AS timeseries_metadata, timeseries.created_at AS timeseries_created_at, timeseries.updated_at AS timeseries_updated_at 
FROM timeseries 
WHERE timeseries.analysis_id IN ($1::UUID, $2::UUID, $3::UUID, $4::UUID)
2026-09-17 12:46:33,106 INFO sqlalchemy.engine.Engine [cached since 160s ago] (UUID('b65e0791-8a8f-4deb-a681-1aa61db74b7c'), UUID('2c69a417-2369-437c-8a20-6b561061ef93'), UUID('6185a2a7-769d-4653-b132-1d2093617b39'), UUID('3e311bc6-ffd1-4786-b21b-ef2b0c5ca196'))
2026-09-17 12:46:33 | INFO | sqlalchemy.engine.Engine | [cached since 160s ago] (UUID('b65e0791-8a8f-4deb-a681-1aa61db74b7c'), UUID('2c69a417-2369-437c-8a20-6b561061ef93'), UUID('6185a2a7-769d-4653-b132-1d2093617b39'), UUID('3e311bc6-ffd1-4786-b21b-ef2b0c5ca196'))
2026-09-17 12:46:33,115 INFO sqlalchemy.engine.Engine SELECT reports.analysis_id AS reports_analysis_id, reports.id AS reports_id, reports.file_path AS reports_file_path, reports.report_type AS reports_report_type, reports.created_at AS reports_created_at, reports.updated_at AS reports_updated_at 
FROM reports 
WHERE reports.analysis_id IN ($1::UUID, $2::UUID, $3::UUID, $4::UUID)
2026-09-17 12:46:33 | INFO | sqlalchemy.engine.Engine | SELECT reports.analysis_id AS reports_analysis_id, reports.id AS reports_id, reports.file_path AS reports_file_path, reports.report_type AS reports_report_type, reports.created_at AS reports_created_at, reports.updated_at AS reports_updated_at 
FROM reports 
WHERE reports.analysis_id IN ($1::UUID, $2::UUID, $3::UUID, $4::UUID)
2026-09-17 12:46:33,116 INFO sqlalchemy.engine.Engine [cached since 160.1s ago] (UUID('b65e0791-8a8f-4deb-a681-1aa61db74b7c'), UUID('2c69a417-2369-437c-8a20-6b561061ef93'), UUID('6185a2a7-769d-4653-b132-1d2093617b39'), UUID('3e311bc6-ffd1-4786-b21b-ef2b0c5ca196'))
2026-09-17 12:46:33 | INFO | sqlalchemy.engine.Engine | [cached since 160.1s ago] (UUID('b65e0791-8a8f-4deb-a681-1aa61db74b7c'), UUID('2c69a417-2369-437c-8a20-6b561061ef93'), UUID('6185a2a7-769d-4653-b132-1d2093617b39'), UUID('3e311bc6-ffd1-4786-b21b-ef2b0c5ca196'))
2026-09-17 12:46:33,132 INFO sqlalchemy.engine.Engine SELECT locations.id AS locations_id, locations.name AS locations_name, locations.geometry AS locations_geometry, locations.latitude AS locations_latitude, locations.longitude AS locations_longitude, locations.area_sq_meters AS locations_area_sq_meters, locations.centroid_lat AS locations_centroid_lat, locations.centroid_lng AS locations_centroid_lng, locations.geometry_type AS locations_geometry_type, locations.created_at AS locations_created_at, locations.updated_at AS locations_updated_at 
FROM locations 
WHERE locations.id IN ($1::UUID, $2::UUID, $3::UUID, $4::UUID)
2026-09-17 12:46:33 | INFO | sqlalchemy.engine.Engine | SELECT locations.id AS locations_id, locations.name AS locations_name, locations.geometry AS locations_geometry, locations.latitude AS locations_latitude, locations.longitude AS locations_longitude, locations.area_sq_meters AS locations_area_sq_meters, locations.centroid_lat AS locations_centroid_lat, locations.centroid_lng AS locations_centroid_lng, locations.geometry_type AS locations_geometry_type, locations.created_at AS locations_created_at, locations.updated_at AS locations_updated_at 
FROM locations 
WHERE locations.id IN ($1::UUID, $2::UUID, $3::UUID, $4::UUID)
2026-09-17 12:46:33,133 INFO sqlalchemy.engine.Engine [cached since 160.1s ago] (UUID('67be24ba-12b2-482c-a3c9-0e9ac2aec6be'), UUID('992651f0-8b5e-4e02-9cc4-10971e821a31'), UUID('e08640bc-abc9-4f27-a1ce-ab0bfc61dddd'), UUID('fcf6af3e-ece4-4110-a7fc-cf690c438055'))
2026-09-17 12:46:33 | INFO | sqlalchemy.engine.Engine | [cached since 160.1s ago] (UUID('67be24ba-12b2-482c-a3c9-0e9ac2aec6be'), UUID('992651f0-8b5e-4e02-9cc4-10971e821a31'), UUID('e08640bc-abc9-4f27-a1ce-ab0bfc61dddd'), UUID('fcf6af3e-ece4-4110-a7fc-cf690c438055'))
2026-09-17 12:46:33,145 INFO sqlalchemy.engine.Engine COMMIT
2026-09-17 12:46:33 | INFO | sqlalchemy.engine.Engine | COMMIT
INFO:     127.0.0.1:61362 - "GET /api/v1/analyses?skip=0&limit=50 HTTP/1.1" 200 OK
2026-09-17 12:46:33,172 INFO sqlalchemy.engine.Engine BEGIN (implicit)
2026-09-17 12:46:33 | INFO | sqlalchemy.engine.Engine | BEGIN (implicit)
2026-09-17 12:46:33,173 INFO sqlalchemy.engine.Engine SELECT analyses.id, analyses.location_id, analyses.start_date, analyses.end_date, analyses.analysis_type, analyses.temporal_resolution, analyses.status, analyses.error_message, analyses.completed_at, analyses.result_data, analyses.created_at, analyses.updated_at 
FROM analyses ORDER BY analyses.created_at DESC 
 LIMIT $1::INTEGER OFFSET $2::INTEGER
2026-09-17 12:46:33 | INFO | sqlalchemy.engine.Engine | SELECT analyses.id, analyses.location_id, analyses.start_date, analyses.end_date, analyses.analysis_type, analyses.temporal_resolution, analyses.status, analyses.error_message, analyses.completed_at, analyses.result_data, analyses.created_at, analyses.updated_at 
FROM analyses ORDER BY analyses.created_at DESC 
 LIMIT $1::INTEGER OFFSET $2::INTEGER
2026-09-17 12:46:33,173 INFO sqlalchemy.engine.Engine [cached since 3.526e+05s ago] (50, 0)
2026-09-17 12:46:33 | INFO | sqlalchemy.engine.Engine | [cached since 3.526e+05s ago] (50, 0)
2026-09-17 12:46:33,183 INFO sqlalchemy.engine.Engine SELECT dataset_usages.analysis_id AS dataset_usages_analysis_id, dataset_usages.id AS dataset_usages_id, dataset_usages.dataset_id AS dataset_usages_dataset_id, dataset_usages.variable AS dataset_usages_variable, dataset_usages.resolution AS dataset_usages_resolution, dataset_usages.date_range AS dataset_usages_date_range, dataset_usages.metadata AS dataset_usages_metadata, dataset_usages.created_at AS dataset_usages_created_at, dataset_usages.updated_at AS dataset_usages_updated_at 
FROM dataset_usages 
WHERE dataset_usages.analysis_id IN ($1::UUID, $2::UUID, $3::UUID, $4::UUID)
2026-09-17 12:46:33 | INFO | sqlalchemy.engine.Engine | SELECT dataset_usages.analysis_id AS dataset_usages_analysis_id, dataset_usages.id AS dataset_usages_id, dataset_usages.dataset_id AS dataset_usages_dataset_id, dataset_usages.variable AS dataset_usages_variable, dataset_usages.resolution AS dataset_usages_resolution, dataset_usages.date_range AS dataset_usages_date_range, dataset_usages.metadata AS dataset_usages_metadata, dataset_usages.created_at AS dataset_usages_created_at, dataset_usages.updated_at AS dataset_usages_updated_at 
FROM dataset_usages 
WHERE dataset_usages.analysis_id IN ($1::UUID, $2::UUID, $3::UUID, $4::UUID)
2026-09-17 12:46:33,184 INFO sqlalchemy.engine.Engine [cached since 160.1s ago] (UUID('b65e0791-8a8f-4deb-a681-1aa61db74b7c'), UUID('2c69a417-2369-437c-8a20-6b561061ef93'), UUID('6185a2a7-769d-4653-b132-1d2093617b39'), UUID('3e311bc6-ffd1-4786-b21b-ef2b0c5ca196'))
2026-09-17 12:46:33 | INFO | sqlalchemy.engine.Engine | [cached since 160.1s ago] (UUID('b65e0791-8a8f-4deb-a681-1aa61db74b7c'), UUID('2c69a417-2369-437c-8a20-6b561061ef93'), UUID('6185a2a7-769d-4653-b132-1d2093617b39'), UUID('3e311bc6-ffd1-4786-b21b-ef2b0c5ca196'))
2026-09-17 12:46:33,188 INFO sqlalchemy.engine.Engine SELECT timeseries.analysis_id AS timeseries_analysis_id, timeseries.id AS timeseries_id, timeseries.date AS timeseries_date, timeseries.variable AS timeseries_variable, timeseries.value AS timeseries_value, timeseries.metadata AS timeseries_metadata, timeseries.created_at AS timeseries_created_at, timeseries.updated_at AS timeseries_updated_at 
FROM timeseries 
WHERE timeseries.analysis_id IN ($1::UUID, $2::UUID, $3::UUID, $4::UUID)
2026-09-17 12:46:33 | INFO | sqlalchemy.engine.Engine | SELECT timeseries.analysis_id AS timeseries_analysis_id, timeseries.id AS timeseries_id, timeseries.date AS timeseries_date, timeseries.variable AS timeseries_variable, timeseries.value AS timeseries_value, timeseries.metadata AS timeseries_metadata, timeseries.created_at AS timeseries_created_at, timeseries.updated_at AS timeseries_updated_at 
FROM timeseries 
WHERE timeseries.analysis_id IN ($1::UUID, $2::UUID, $3::UUID, $4::UUID)
2026-09-17 12:46:33,188 INFO sqlalchemy.engine.Engine [cached since 160.1s ago] (UUID('b65e0791-8a8f-4deb-a681-1aa61db74b7c'), UUID('2c69a417-2369-437c-8a20-6b561061ef93'), UUID('6185a2a7-769d-4653-b132-1d2093617b39'), UUID('3e311bc6-ffd1-4786-b21b-ef2b0c5ca196'))
2026-09-17 12:46:33 | INFO | sqlalchemy.engine.Engine | [cached since 160.1s ago] (UUID('b65e0791-8a8f-4deb-a681-1aa61db74b7c'), UUID('2c69a417-2369-437c-8a20-6b561061ef93'), UUID('6185a2a7-769d-4653-b132-1d2093617b39'), UUID('3e311bc6-ffd1-4786-b21b-ef2b0c5ca196'))
2026-09-17 12:46:33,193 INFO sqlalchemy.engine.Engine SELECT reports.analysis_id AS reports_analysis_id, reports.id AS reports_id, reports.file_path AS reports_file_path, reports.report_type AS reports_report_type, reports.created_at AS reports_created_at, reports.updated_at AS reports_updated_at 
FROM reports 
WHERE reports.analysis_id IN ($1::UUID, $2::UUID, $3::UUID, $4::UUID)
2026-09-17 12:46:33 | INFO | sqlalchemy.engine.Engine | SELECT reports.analysis_id AS reports_analysis_id, reports.id AS reports_id, reports.file_path AS reports_file_path, reports.report_type AS reports_report_type, reports.created_at AS reports_created_at, reports.updated_at AS reports_updated_at 
FROM reports 
WHERE reports.analysis_id IN ($1::UUID, $2::UUID, $3::UUID, $4::UUID)
2026-09-17 12:46:33,194 INFO sqlalchemy.engine.Engine [cached since 160.1s ago] (UUID('b65e0791-8a8f-4deb-a681-1aa61db74b7c'), UUID('2c69a417-2369-437c-8a20-6b561061ef93'), UUID('6185a2a7-769d-4653-b132-1d2093617b39'), UUID('3e311bc6-ffd1-4786-b21b-ef2b0c5ca196'))
2026-09-17 12:46:33 | INFO | sqlalchemy.engine.Engine | [cached since 160.1s ago] (UUID('b65e0791-8a8f-4deb-a681-1aa61db74b7c'), UUID('2c69a417-2369-437c-8a20-6b561061ef93'), UUID('6185a2a7-769d-4653-b132-1d2093617b39'), UUID('3e311bc6-ffd1-4786-b21b-ef2b0c5ca196'))
2026-09-17 12:46:33,197 INFO sqlalchemy.engine.Engine SELECT locations.id AS locations_id, locations.name AS locations_name, locations.geometry AS locations_geometry, locations.latitude AS locations_latitude, locations.longitude AS locations_longitude, locations.area_sq_meters AS locations_area_sq_meters, locations.centroid_lat AS locations_centroid_lat, locations.centroid_lng AS locations_centroid_lng, locations.geometry_type AS locations_geometry_type, locations.created_at AS locations_created_at, locations.updated_at AS locations_updated_at 
FROM locations 
WHERE locations.id IN ($1::UUID, $2::UUID, $3::UUID, $4::UUID)
2026-09-17 12:46:33 | INFO | sqlalchemy.engine.Engine | SELECT locations.id AS locations_id, locations.name AS locations_name, locations.geometry AS locations_geometry, locations.latitude AS locations_latitude, locations.longitude AS locations_longitude, locations.area_sq_meters AS locations_area_sq_meters, locations.centroid_lat AS locations_centroid_lat, locations.centroid_lng AS locations_centroid_lng, locations.geometry_type AS locations_geometry_type, locations.created_at AS locations_created_at, locations.updated_at AS locations_updated_at 
FROM locations 
WHERE locations.id IN ($1::UUID, $2::UUID, $3::UUID, $4::UUID)
2026-09-17 12:46:33,200 INFO sqlalchemy.engine.Engine [cached since 160.1s ago] (UUID('67be24ba-12b2-482c-a3c9-0e9ac2aec6be'), UUID('992651f0-8b5e-4e02-9cc4-10971e821a31'), UUID('e08640bc-abc9-4f27-a1ce-ab0bfc61dddd'), UUID('fcf6af3e-ece4-4110-a7fc-cf690c438055'))
2026-09-17 12:46:33 | INFO | sqlalchemy.engine.Engine | [cached since 160.1s ago] (UUID('67be24ba-12b2-482c-a3c9-0e9ac2aec6be'), UUID('992651f0-8b5e-4e02-9cc4-10971e821a31'), UUID('e08640bc-abc9-4f27-a1ce-ab0bfc61dddd'), UUID('fcf6af3e-ece4-4110-a7fc-cf690c438055'))
2026-09-17 12:46:33,204 INFO sqlalchemy.engine.Engine COMMIT
2026-09-17 12:46:33 | INFO | sqlalchemy.engine.Engine | COMMIT
INFO:     127.0.0.1:61364 - "GET /api/v1/analyses?skip=0&limit=50 HTTP/1.1" 200 OK
2026-09-17 12:46:39,391 INFO sqlalchemy.engine.Engine BEGIN (implicit)
2026-09-17 12:46:39 | INFO | sqlalchemy.engine.Engine | BEGIN (implicit)
2026-09-17 12:46:39,394 INFO sqlalchemy.engine.Engine SELECT analyses.id, analyses.location_id, analyses.start_date, analyses.end_date, analyses.analysis_type, analyses.temporal_resolution, analyses.status, analyses.error_message, analyses.completed_at, analyses.result_data, analyses.created_at, analyses.updated_at 
FROM analyses 
WHERE analyses.id = $1::UUID
2026-09-17 12:46:39 | INFO | sqlalchemy.engine.Engine | SELECT analyses.id, analyses.location_id, analyses.start_date, analyses.end_date, analyses.analysis_type, analyses.temporal_resolution, analyses.status, analyses.error_message, analyses.completed_at, analyses.result_data, analyses.created_at, analyses.updated_at 
FROM analyses 
WHERE analyses.id = $1::UUID
2026-09-17 12:46:39,395 INFO sqlalchemy.engine.Engine [cached since 166.4s ago] (UUID('b65e0791-8a8f-4deb-a681-1aa61db74b7c'),)
2026-09-17 12:46:39 | INFO | sqlalchemy.engine.Engine | [cached since 166.4s ago] (UUID('b65e0791-8a8f-4deb-a681-1aa61db74b7c'),)
2026-09-17 12:46:39,412 INFO sqlalchemy.engine.Engine SELECT dataset_usages.analysis_id AS dataset_usages_analysis_id, dataset_usages.id AS dataset_usages_id, dataset_usages.dataset_id AS dataset_usages_dataset_id, dataset_usages.variable AS dataset_usages_variable, dataset_usages.resolution AS dataset_usages_resolution, dataset_usages.date_range AS dataset_usages_date_range, dataset_usages.metadata AS dataset_usages_metadata, dataset_usages.created_at AS dataset_usages_created_at, dataset_usages.updated_at AS dataset_usages_updated_at 
FROM dataset_usages 
WHERE dataset_usages.analysis_id IN ($1::UUID)
2026-09-17 12:46:39 | INFO | sqlalchemy.engine.Engine | SELECT dataset_usages.analysis_id AS dataset_usages_analysis_id, dataset_usages.id AS dataset_usages_id, dataset_usages.dataset_id AS dataset_usages_dataset_id, dataset_usages.variable AS dataset_usages_variable, dataset_usages.resolution AS dataset_usages_resolution, dataset_usages.date_range AS dataset_usages_date_range, dataset_usages.metadata AS dataset_usages_metadata, dataset_usages.created_at AS dataset_usages_created_at, dataset_usages.updated_at AS dataset_usages_updated_at 
FROM dataset_usages 
WHERE dataset_usages.analysis_id IN ($1::UUID)
2026-09-17 12:46:39,413 INFO sqlalchemy.engine.Engine [cached since 166.4s ago] (UUID('b65e0791-8a8f-4deb-a681-1aa61db74b7c'),)
2026-09-17 12:46:39 | INFO | sqlalchemy.engine.Engine | [cached since 166.4s ago] (UUID('b65e0791-8a8f-4deb-a681-1aa61db74b7c'),)
2026-09-17 12:46:39,416 INFO sqlalchemy.engine.Engine SELECT timeseries.analysis_id AS timeseries_analysis_id, timeseries.id AS timeseries_id, timeseries.date AS timeseries_date, timeseries.variable AS timeseries_variable, timeseries.value AS timeseries_value, timeseries.metadata AS timeseries_metadata, timeseries.created_at AS timeseries_created_at, timeseries.updated_at AS timeseries_updated_at 
FROM timeseries 
WHERE timeseries.analysis_id IN ($1::UUID)
2026-09-17 12:46:39 | INFO | sqlalchemy.engine.Engine | SELECT timeseries.analysis_id AS timeseries_analysis_id, timeseries.id AS timeseries_id, timeseries.date AS timeseries_date, timeseries.variable AS timeseries_variable, timeseries.value AS timeseries_value, timeseries.metadata AS timeseries_metadata, timeseries.created_at AS timeseries_created_at, timeseries.updated_at AS timeseries_updated_at 
FROM timeseries 
WHERE timeseries.analysis_id IN ($1::UUID)
2026-09-17 12:46:39,418 INFO sqlalchemy.engine.Engine [cached since 166.4s ago] (UUID('b65e0791-8a8f-4deb-a681-1aa61db74b7c'),)
2026-09-17 12:46:39 | INFO | sqlalchemy.engine.Engine | [cached since 166.4s ago] (UUID('b65e0791-8a8f-4deb-a681-1aa61db74b7c'),)
2026-09-17 12:46:39,422 INFO sqlalchemy.engine.Engine SELECT reports.analysis_id AS reports_analysis_id, reports.id AS reports_id, reports.file_path AS reports_file_path, reports.report_type AS reports_report_type, reports.created_at AS reports_created_at, reports.updated_at AS reports_updated_at 
FROM reports 
WHERE reports.analysis_id IN ($1::UUID)
2026-09-17 12:46:39 | INFO | sqlalchemy.engine.Engine | SELECT reports.analysis_id AS reports_analysis_id, reports.id AS reports_id, reports.file_path AS reports_file_path, reports.report_type AS reports_report_type, reports.created_at AS reports_created_at, reports.updated_at AS reports_updated_at 
FROM reports 
WHERE reports.analysis_id IN ($1::UUID)
2026-09-17 12:46:39,423 INFO sqlalchemy.engine.Engine [cached since 166.4s ago] (UUID('b65e0791-8a8f-4deb-a681-1aa61db74b7c'),)
2026-09-17 12:46:39 | INFO | sqlalchemy.engine.Engine | [cached since 166.4s ago] (UUID('b65e0791-8a8f-4deb-a681-1aa61db74b7c'),)
2026-09-17 12:46:39,428 INFO sqlalchemy.engine.Engine SELECT locations.id AS locations_id, locations.name AS locations_name, locations.geometry AS locations_geometry, locations.latitude AS locations_latitude, locations.longitude AS locations_longitude, locations.area_sq_meters AS locations_area_sq_meters, locations.centroid_lat AS locations_centroid_lat, locations.centroid_lng AS locations_centroid_lng, locations.geometry_type AS locations_geometry_type, locations.created_at AS locations_created_at, locations.updated_at AS locations_updated_at 
FROM locations 
WHERE locations.id IN ($1::UUID)
2026-09-17 12:46:39 | INFO | sqlalchemy.engine.Engine | SELECT locations.id AS locations_id, locations.name AS locations_name, locations.geometry AS locations_geometry, locations.latitude AS locations_latitude, locations.longitude AS locations_longitude, locations.area_sq_meters AS locations_area_sq_meters, locations.centroid_lat AS locations_centroid_lat, locations.centroid_lng AS locations_centroid_lng, locations.geometry_type AS locations_geometry_type, locations.created_at AS locations_created_at, locations.updated_at AS locations_updated_at 
FROM locations 
WHERE locations.id IN ($1::UUID)
2026-09-17 12:46:39,429 INFO sqlalchemy.engine.Engine [cached since 166.4s ago] (UUID('e08640bc-abc9-4f27-a1ce-ab0bfc61dddd'),)
2026-09-17 12:46:39 | INFO | sqlalchemy.engine.Engine | [cached since 166.4s ago] (UUID('e08640bc-abc9-4f27-a1ce-ab0bfc61dddd'),)
2026-09-17 12:46:39,433 INFO sqlalchemy.engine.Engine COMMIT
2026-09-17 12:46:39 | INFO | sqlalchemy.engine.Engine | COMMIT
INFO:     127.0.0.1:61377 - "GET /api/v1/analyses/b65e0791-8a8f-4deb-a681-1aa61db74b7c HTTP/1.1" 200 OK
2026-09-17 12:46:39,465 INFO sqlalchemy.engine.Engine BEGIN (implicit)
2026-09-17 12:46:39 | INFO | sqlalchemy.engine.Engine | BEGIN (implicit)
2026-09-17 12:46:39,466 INFO sqlalchemy.engine.Engine SELECT analyses.id, analyses.location_id, analyses.start_date, analyses.end_date, analyses.analysis_type, analyses.temporal_resolution, analyses.status, analyses.error_message, analyses.completed_at, analyses.result_data, analyses.created_at, analyses.updated_at 
FROM analyses 
WHERE analyses.id = $1::UUID
2026-09-17 12:46:39 | INFO | sqlalchemy.engine.Engine | SELECT analyses.id, analyses.location_id, analyses.start_date, analyses.end_date, analyses.analysis_type, analyses.temporal_resolution, analyses.status, analyses.error_message, analyses.completed_at, analyses.result_data, analyses.created_at, analyses.updated_at 
FROM analyses 
WHERE analyses.id = $1::UUID
2026-09-17 12:46:39,467 INFO sqlalchemy.engine.Engine [cached since 166.4s ago] (UUID('b65e0791-8a8f-4deb-a681-1aa61db74b7c'),)
2026-09-17 12:46:39 | INFO | sqlalchemy.engine.Engine | [cached since 166.4s ago] (UUID('b65e0791-8a8f-4deb-a681-1aa61db74b7c'),)
2026-09-17 12:46:39,476 INFO sqlalchemy.engine.Engine SELECT dataset_usages.analysis_id AS dataset_usages_analysis_id, dataset_usages.id AS dataset_usages_id, dataset_usages.dataset_id AS dataset_usages_dataset_id, dataset_usages.variable AS dataset_usages_variable, dataset_usages.resolution AS dataset_usages_resolution, dataset_usages.date_range AS dataset_usages_date_range, dataset_usages.metadata AS dataset_usages_metadata, dataset_usages.created_at AS dataset_usages_created_at, dataset_usages.updated_at AS dataset_usages_updated_at 
FROM dataset_usages 
WHERE dataset_usages.analysis_id IN ($1::UUID)
2026-09-17 12:46:39 | INFO | sqlalchemy.engine.Engine | SELECT dataset_usages.analysis_id AS dataset_usages_analysis_id, dataset_usages.id AS dataset_usages_id, dataset_usages.dataset_id AS dataset_usages_dataset_id, dataset_usages.variable AS dataset_usages_variable, dataset_usages.resolution AS dataset_usages_resolution, dataset_usages.date_range AS dataset_usages_date_range, dataset_usages.metadata AS dataset_usages_metadata, dataset_usages.created_at AS dataset_usages_created_at, dataset_usages.updated_at AS dataset_usages_updated_at 
FROM dataset_usages 
WHERE dataset_usages.analysis_id IN ($1::UUID)
2026-09-17 12:46:39,477 INFO sqlalchemy.engine.Engine [cached since 166.4s ago] (UUID('b65e0791-8a8f-4deb-a681-1aa61db74b7c'),)
2026-09-17 12:46:39 | INFO | sqlalchemy.engine.Engine | [cached since 166.4s ago] (UUID('b65e0791-8a8f-4deb-a681-1aa61db74b7c'),)
2026-09-17 12:46:39,481 INFO sqlalchemy.engine.Engine SELECT timeseries.analysis_id AS timeseries_analysis_id, timeseries.id AS timeseries_id, timeseries.date AS timeseries_date, timeseries.variable AS timeseries_variable, timeseries.value AS timeseries_value, timeseries.metadata AS timeseries_metadata, timeseries.created_at AS timeseries_created_at, timeseries.updated_at AS timeseries_updated_at 
FROM timeseries 
WHERE timeseries.analysis_id IN ($1::UUID)
2026-09-17 12:46:39 | INFO | sqlalchemy.engine.Engine | SELECT timeseries.analysis_id AS timeseries_analysis_id, timeseries.id AS timeseries_id, timeseries.date AS timeseries_date, timeseries.variable AS timeseries_variable, timeseries.value AS timeseries_value, timeseries.metadata AS timeseries_metadata, timeseries.created_at AS timeseries_created_at, timeseries.updated_at AS timeseries_updated_at 
FROM timeseries 
WHERE timeseries.analysis_id IN ($1::UUID)
2026-09-17 12:46:39,482 INFO sqlalchemy.engine.Engine [cached since 166.4s ago] (UUID('b65e0791-8a8f-4deb-a681-1aa61db74b7c'),)
2026-09-17 12:46:39 | INFO | sqlalchemy.engine.Engine | [cached since 166.4s ago] (UUID('b65e0791-8a8f-4deb-a681-1aa61db74b7c'),)
2026-09-17 12:46:39,486 INFO sqlalchemy.engine.Engine SELECT reports.analysis_id AS reports_analysis_id, reports.id AS reports_id, reports.file_path AS reports_file_path, reports.report_type AS reports_report_type, reports.created_at AS reports_created_at, reports.updated_at AS reports_updated_at 
FROM reports 
WHERE reports.analysis_id IN ($1::UUID)
2026-09-17 12:46:39 | INFO | sqlalchemy.engine.Engine | SELECT reports.analysis_id AS reports_analysis_id, reports.id AS reports_id, reports.file_path AS reports_file_path, reports.report_type AS reports_report_type, reports.created_at AS reports_created_at, reports.updated_at AS reports_updated_at 
FROM reports 
WHERE reports.analysis_id IN ($1::UUID)
2026-09-17 12:46:39,486 INFO sqlalchemy.engine.Engine [cached since 166.4s ago] (UUID('b65e0791-8a8f-4deb-a681-1aa61db74b7c'),)
2026-09-17 12:46:39 | INFO | sqlalchemy.engine.Engine | [cached since 166.4s ago] (UUID('b65e0791-8a8f-4deb-a681-1aa61db74b7c'),)
2026-09-17 12:46:39,490 INFO sqlalchemy.engine.Engine SELECT locations.id AS locations_id, locations.name AS locations_name, locations.geometry AS locations_geometry, locations.latitude AS locations_latitude, locations.longitude AS locations_longitude, locations.area_sq_meters AS locations_area_sq_meters, locations.centroid_lat AS locations_centroid_lat, locations.centroid_lng AS locations_centroid_lng, locations.geometry_type AS locations_geometry_type, locations.created_at AS locations_created_at, locations.updated_at AS locations_updated_at 
FROM locations 
WHERE locations.id IN ($1::UUID)
2026-09-17 12:46:39 | INFO | sqlalchemy.engine.Engine | SELECT locations.id AS locations_id, locations.name AS locations_name, locations.geometry AS locations_geometry, locations.latitude AS locations_latitude, locations.longitude AS locations_longitude, locations.area_sq_meters AS locations_area_sq_meters, locations.centroid_lat AS locations_centroid_lat, locations.centroid_lng AS locations_centroid_lng, locations.geometry_type AS locations_geometry_type, locations.created_at AS locations_created_at, locations.updated_at AS locations_updated_at 
FROM locations 
WHERE locations.id IN ($1::UUID)
2026-09-17 12:46:39,492 INFO sqlalchemy.engine.Engine [cached since 166.4s ago] (UUID('e08640bc-abc9-4f27-a1ce-ab0bfc61dddd'),)
2026-09-17 12:46:39 | INFO | sqlalchemy.engine.Engine | [cached since 166.4s ago] (UUID('e08640bc-abc9-4f27-a1ce-ab0bfc61dddd'),)
2026-09-17 12:46:39,497 INFO sqlalchemy.engine.Engine BEGIN (implicit)
2026-09-17 12:46:39 | INFO | sqlalchemy.engine.Engine | BEGIN (implicit)
2026-09-17 12:46:39,498 INFO sqlalchemy.engine.Engine SELECT analyses.id, analyses.location_id, analyses.start_date, analyses.end_date, analyses.analysis_type, analyses.temporal_resolution, analyses.status, analyses.error_message, analyses.completed_at, analyses.result_data, analyses.created_at, analyses.updated_at 
FROM analyses 
WHERE analyses.id = $1::UUID
2026-09-17 12:46:39 | INFO | sqlalchemy.engine.Engine | SELECT analyses.id, analyses.location_id, analyses.start_date, analyses.end_date, analyses.analysis_type, analyses.temporal_resolution, analyses.status, analyses.error_message, analyses.completed_at, analyses.result_data, analyses.created_at, analyses.updated_at 
FROM analyses 
WHERE analyses.id = $1::UUID
2026-09-17 12:46:39,500 INFO sqlalchemy.engine.Engine [cached since 166.5s ago] (UUID('b65e0791-8a8f-4deb-a681-1aa61db74b7c'),)
2026-09-17 12:46:39 | INFO | sqlalchemy.engine.Engine | [cached since 166.5s ago] (UUID('b65e0791-8a8f-4deb-a681-1aa61db74b7c'),)
2026-09-17 12:46:39,506 INFO sqlalchemy.engine.Engine COMMIT
2026-09-17 12:46:39 | INFO | sqlalchemy.engine.Engine | COMMIT
2026-09-17 12:46:39,518 INFO sqlalchemy.engine.Engine SELECT dataset_usages.analysis_id AS dataset_usages_analysis_id, dataset_usages.id AS dataset_usages_id, dataset_usages.dataset_id AS dataset_usages_dataset_id, dataset_usages.variable AS dataset_usages_variable, dataset_usages.resolution AS dataset_usages_resolution, dataset_usages.date_range AS dataset_usages_date_range, dataset_usages.metadata AS dataset_usages_metadata, dataset_usages.created_at AS dataset_usages_created_at, dataset_usages.updated_at AS dataset_usages_updated_at 
FROM dataset_usages 
WHERE dataset_usages.analysis_id IN ($1::UUID)
2026-09-17 12:46:39 | INFO | sqlalchemy.engine.Engine | SELECT dataset_usages.analysis_id AS dataset_usages_analysis_id, dataset_usages.id AS dataset_usages_id, dataset_usages.dataset_id AS dataset_usages_dataset_id, dataset_usages.variable AS dataset_usages_variable, dataset_usages.resolution AS dataset_usages_resolution, dataset_usages.date_range AS dataset_usages_date_range, dataset_usages.metadata AS dataset_usages_metadata, dataset_usages.created_at AS dataset_usages_created_at, dataset_usages.updated_at AS dataset_usages_updated_at 
FROM dataset_usages 
WHERE dataset_usages.analysis_id IN ($1::UUID)
2026-09-17 12:46:39,519 INFO sqlalchemy.engine.Engine [cached since 166.5s ago] (UUID('b65e0791-8a8f-4deb-a681-1aa61db74b7c'),)
2026-09-17 12:46:39 | INFO | sqlalchemy.engine.Engine | [cached since 166.5s ago] (UUID('b65e0791-8a8f-4deb-a681-1aa61db74b7c'),)
INFO:     127.0.0.1:61379 - "GET /api/v1/analyses/b65e0791-8a8f-4deb-a681-1aa61db74b7c HTTP/1.1" 200 OK
2026-09-17 12:46:39,524 INFO sqlalchemy.engine.Engine SELECT timeseries.analysis_id AS timeseries_analysis_id, timeseries.id AS timeseries_id, timeseries.date AS timeseries_date, timeseries.variable AS timeseries_variable, timeseries.value AS timeseries_value, timeseries.metadata AS timeseries_metadata, timeseries.created_at AS timeseries_created_at, timeseries.updated_at AS timeseries_updated_at 
FROM timeseries 
WHERE timeseries.analysis_id IN ($1::UUID)
2026-09-17 12:46:39 | INFO | sqlalchemy.engine.Engine | SELECT timeseries.analysis_id AS timeseries_analysis_id, timeseries.id AS timeseries_id, timeseries.date AS timeseries_date, timeseries.variable AS timeseries_variable, timeseries.value AS timeseries_value, timeseries.metadata AS timeseries_metadata, timeseries.created_at AS timeseries_created_at, timeseries.updated_at AS timeseries_updated_at 
FROM timeseries 
WHERE timeseries.analysis_id IN ($1::UUID)
2026-09-17 12:46:39,525 INFO sqlalchemy.engine.Engine [cached since 166.5s ago] (UUID('b65e0791-8a8f-4deb-a681-1aa61db74b7c'),)
2026-09-17 12:46:39 | INFO | sqlalchemy.engine.Engine | [cached since 166.5s ago] (UUID('b65e0791-8a8f-4deb-a681-1aa61db74b7c'),)
2026-09-17 12:46:39,531 INFO sqlalchemy.engine.Engine SELECT reports.analysis_id AS reports_analysis_id, reports.id AS reports_id, reports.file_path AS reports_file_path, reports.report_type AS reports_report_type, reports.created_at AS reports_created_at, reports.updated_at AS reports_updated_at 
FROM reports 
WHERE reports.analysis_id IN ($1::UUID)
2026-09-17 12:46:39 | INFO | sqlalchemy.engine.Engine | SELECT reports.analysis_id AS reports_analysis_id, reports.id AS reports_id, reports.file_path AS reports_file_path, reports.report_type AS reports_report_type, reports.created_at AS reports_created_at, reports.updated_at AS reports_updated_at 
FROM reports 
WHERE reports.analysis_id IN ($1::UUID)
2026-09-17 12:46:39,532 INFO sqlalchemy.engine.Engine [cached since 166.5s ago] (UUID('b65e0791-8a8f-4deb-a681-1aa61db74b7c'),)
2026-09-17 12:46:39 | INFO | sqlalchemy.engine.Engine | [cached since 166.5s ago] (UUID('b65e0791-8a8f-4deb-a681-1aa61db74b7c'),)
2026-09-17 12:46:39,535 INFO sqlalchemy.engine.Engine SELECT locations.id AS locations_id, locations.name AS locations_name, locations.geometry AS locations_geometry, locations.latitude AS locations_latitude, locations.longitude AS locations_longitude, locations.area_sq_meters AS locations_area_sq_meters, locations.centroid_lat AS locations_centroid_lat, locations.centroid_lng AS locations_centroid_lng, locations.geometry_type AS locations_geometry_type, locations.created_at AS locations_created_at, locations.updated_at AS locations_updated_at 
FROM locations 
WHERE locations.id IN ($1::UUID)
2026-09-17 12:46:39 | INFO | sqlalchemy.engine.Engine | SELECT locations.id AS locations_id, locations.name AS locations_name, locations.geometry AS locations_geometry, locations.latitude AS locations_latitude, locations.longitude AS locations_longitude, locations.area_sq_meters AS locations_area_sq_meters, locations.centroid_lat AS locations_centroid_lat, locations.centroid_lng AS locations_centroid_lng, locations.geometry_type AS locations_geometry_type, locations.created_at AS locations_created_at, locations.updated_at AS locations_updated_at 
FROM locations 
WHERE locations.id IN ($1::UUID)
2026-09-17 12:46:39,536 INFO sqlalchemy.engine.Engine [cached since 166.5s ago] (UUID('e08640bc-abc9-4f27-a1ce-ab0bfc61dddd'),)
2026-09-17 12:46:39 | INFO | sqlalchemy.engine.Engine | [cached since 166.5s ago] (UUID('e08640bc-abc9-4f27-a1ce-ab0bfc61dddd'),)
2026-09-17 12:46:39,540 INFO sqlalchemy.engine.Engine SELECT analyses.id, analyses.location_id, analyses.start_date, analyses.end_date, analyses.analysis_type, analyses.temporal_resolution, analyses.status, analyses.error_message, analyses.completed_at, analyses.result_data, analyses.created_at, analyses.updated_at 
FROM analyses 
WHERE analyses.id = $1::UUID
2026-09-17 12:46:39 | INFO | sqlalchemy.engine.Engine | SELECT analyses.id, analyses.location_id, analyses.start_date, analyses.end_date, analyses.analysis_type, analyses.temporal_resolution, analyses.status, analyses.error_message, analyses.completed_at, analyses.result_data, analyses.created_at, analyses.updated_at 
FROM analyses 
WHERE analyses.id = $1::UUID
2026-09-17 12:46:39,542 INFO sqlalchemy.engine.Engine [cached since 166.5s ago] (UUID('b65e0791-8a8f-4deb-a681-1aa61db74b7c'),)
2026-09-17 12:46:39 | INFO | sqlalchemy.engine.Engine | [cached since 166.5s ago] (UUID('b65e0791-8a8f-4deb-a681-1aa61db74b7c'),)
2026-09-17 12:46:39,546 INFO sqlalchemy.engine.Engine SELECT dataset_usages.analysis_id AS dataset_usages_analysis_id, dataset_usages.id AS dataset_usages_id, dataset_usages.dataset_id AS dataset_usages_dataset_id, dataset_usages.variable AS dataset_usages_variable, dataset_usages.resolution AS dataset_usages_resolution, dataset_usages.date_range AS dataset_usages_date_range, dataset_usages.metadata AS dataset_usages_metadata, dataset_usages.created_at AS dataset_usages_created_at, dataset_usages.updated_at AS dataset_usages_updated_at 
FROM dataset_usages 
WHERE dataset_usages.analysis_id IN ($1::UUID)
2026-09-17 12:46:39 | INFO | sqlalchemy.engine.Engine | SELECT dataset_usages.analysis_id AS dataset_usages_analysis_id, dataset_usages.id AS dataset_usages_id, dataset_usages.dataset_id AS dataset_usages_dataset_id, dataset_usages.variable AS dataset_usages_variable, dataset_usages.resolution AS dataset_usages_resolution, dataset_usages.date_range AS dataset_usages_date_range, dataset_usages.metadata AS dataset_usages_metadata, dataset_usages.created_at AS dataset_usages_created_at, dataset_usages.updated_at AS dataset_usages_updated_at 
FROM dataset_usages 
WHERE dataset_usages.analysis_id IN ($1::UUID)
2026-09-17 12:46:39,547 INFO sqlalchemy.engine.Engine [cached since 166.5s ago] (UUID('b65e0791-8a8f-4deb-a681-1aa61db74b7c'),)
2026-09-17 12:46:39 | INFO | sqlalchemy.engine.Engine | [cached since 166.5s ago] (UUID('b65e0791-8a8f-4deb-a681-1aa61db74b7c'),)
2026-09-17 12:46:39,551 INFO sqlalchemy.engine.Engine SELECT timeseries.analysis_id AS timeseries_analysis_id, timeseries.id AS timeseries_id, timeseries.date AS timeseries_date, timeseries.variable AS timeseries_variable, timeseries.value AS timeseries_value, timeseries.metadata AS timeseries_metadata, timeseries.created_at AS timeseries_created_at, timeseries.updated_at AS timeseries_updated_at 
FROM timeseries 
WHERE timeseries.analysis_id IN ($1::UUID)
2026-09-17 12:46:39 | INFO | sqlalchemy.engine.Engine | SELECT timeseries.analysis_id AS timeseries_analysis_id, timeseries.id AS timeseries_id, timeseries.date AS timeseries_date, timeseries.variable AS timeseries_variable, timeseries.value AS timeseries_value, timeseries.metadata AS timeseries_metadata, timeseries.created_at AS timeseries_created_at, timeseries.updated_at AS timeseries_updated_at 
FROM timeseries 
WHERE timeseries.analysis_id IN ($1::UUID)
2026-09-17 12:46:39,552 INFO sqlalchemy.engine.Engine [cached since 166.5s ago] (UUID('b65e0791-8a8f-4deb-a681-1aa61db74b7c'),)
2026-09-17 12:46:39 | INFO | sqlalchemy.engine.Engine | [cached since 166.5s ago] (UUID('b65e0791-8a8f-4deb-a681-1aa61db74b7c'),)
2026-09-17 12:46:39,555 INFO sqlalchemy.engine.Engine SELECT reports.analysis_id AS reports_analysis_id, reports.id AS reports_id, reports.file_path AS reports_file_path, reports.report_type AS reports_report_type, reports.created_at AS reports_created_at, reports.updated_at AS reports_updated_at 
FROM reports 
WHERE reports.analysis_id IN ($1::UUID)
2026-09-17 12:46:39 | INFO | sqlalchemy.engine.Engine | SELECT reports.analysis_id AS reports_analysis_id, reports.id AS reports_id, reports.file_path AS reports_file_path, reports.report_type AS reports_report_type, reports.created_at AS reports_created_at, reports.updated_at AS reports_updated_at 
FROM reports 
WHERE reports.analysis_id IN ($1::UUID)
2026-09-17 12:46:39,556 INFO sqlalchemy.engine.Engine [cached since 166.5s ago] (UUID('b65e0791-8a8f-4deb-a681-1aa61db74b7c'),)
2026-09-17 12:46:39 | INFO | sqlalchemy.engine.Engine | [cached since 166.5s ago] (UUID('b65e0791-8a8f-4deb-a681-1aa61db74b7c'),)
2026-09-17 12:46:39,560 INFO sqlalchemy.engine.Engine SELECT locations.id AS locations_id, locations.name AS locations_name, locations.geometry AS locations_geometry, locations.latitude AS locations_latitude, locations.longitude AS locations_longitude, locations.area_sq_meters AS locations_area_sq_meters, locations.centroid_lat AS locations_centroid_lat, locations.centroid_lng AS locations_centroid_lng, locations.geometry_type AS locations_geometry_type, locations.created_at AS locations_created_at, locations.updated_at AS locations_updated_at 
FROM locations 
WHERE locations.id IN ($1::UUID)
2026-09-17 12:46:39 | INFO | sqlalchemy.engine.Engine | SELECT locations.id AS locations_id, locations.name AS locations_name, locations.geometry AS locations_geometry, locations.latitude AS locations_latitude, locations.longitude AS locations_longitude, locations.area_sq_meters AS locations_area_sq_meters, locations.centroid_lat AS locations_centroid_lat, locations.centroid_lng AS locations_centroid_lng, locations.geometry_type AS locations_geometry_type, locations.created_at AS locations_created_at, locations.updated_at AS locations_updated_at 
FROM locations 
WHERE locations.id IN ($1::UUID)
2026-09-17 12:46:39,562 INFO sqlalchemy.engine.Engine [cached since 166.5s ago] (UUID('e08640bc-abc9-4f27-a1ce-ab0bfc61dddd'),)
2026-09-17 12:46:39 | INFO | sqlalchemy.engine.Engine | [cached since 166.5s ago] (UUID('e08640bc-abc9-4f27-a1ce-ab0bfc61dddd'),)
2026-09-17 12:46:39,566 INFO sqlalchemy.engine.Engine COMMIT
2026-09-17 12:46:39 | INFO | sqlalchemy.engine.Engine | COMMIT
INFO:     127.0.0.1:61381 - "GET /api/v1/analyses/b65e0791-8a8f-4deb-a681-1aa61db74b7c/maps HTTP/1.1" 200 OK
2026-09-17 12:46:39,667 INFO sqlalchemy.engine.Engine BEGIN (implicit)
2026-09-17 12:46:39 | INFO | sqlalchemy.engine.Engine | BEGIN (implicit)
2026-09-17 12:46:39,668 INFO sqlalchemy.engine.Engine SELECT analyses.id, analyses.location_id, analyses.start_date, analyses.end_date, analyses.analysis_type, analyses.temporal_resolution, analyses.status, analyses.error_message, analyses.completed_at, analyses.result_data, analyses.created_at, analyses.updated_at 
FROM analyses 
WHERE analyses.id = $1::UUID
2026-09-17 12:46:39 | INFO | sqlalchemy.engine.Engine | SELECT analyses.id, analyses.location_id, analyses.start_date, analyses.end_date, analyses.analysis_type, analyses.temporal_resolution, analyses.status, analyses.error_message, analyses.completed_at, analyses.result_data, analyses.created_at, analyses.updated_at 
FROM analyses 
WHERE analyses.id = $1::UUID
2026-09-17 12:46:39,668 INFO sqlalchemy.engine.Engine [cached since 166.6s ago] (UUID('b65e0791-8a8f-4deb-a681-1aa61db74b7c'),)
2026-09-17 12:46:39 | INFO | sqlalchemy.engine.Engine | [cached since 166.6s ago] (UUID('b65e0791-8a8f-4deb-a681-1aa61db74b7c'),)
2026-09-17 12:46:39,672 INFO sqlalchemy.engine.Engine SELECT dataset_usages.analysis_id AS dataset_usages_analysis_id, dataset_usages.id AS dataset_usages_id, dataset_usages.dataset_id AS dataset_usages_dataset_id, dataset_usages.variable AS dataset_usages_variable, dataset_usages.resolution AS dataset_usages_resolution, dataset_usages.date_range AS dataset_usages_date_range, dataset_usages.metadata AS dataset_usages_metadata, dataset_usages.created_at AS dataset_usages_created_at, dataset_usages.updated_at AS dataset_usages_updated_at 
FROM dataset_usages 
WHERE dataset_usages.analysis_id IN ($1::UUID)
2026-09-17 12:46:39 | INFO | sqlalchemy.engine.Engine | SELECT dataset_usages.analysis_id AS dataset_usages_analysis_id, dataset_usages.id AS dataset_usages_id, dataset_usages.dataset_id AS dataset_usages_dataset_id, dataset_usages.variable AS dataset_usages_variable, dataset_usages.resolution AS dataset_usages_resolution, dataset_usages.date_range AS dataset_usages_date_range, dataset_usages.metadata AS dataset_usages_metadata, dataset_usages.created_at AS dataset_usages_created_at, dataset_usages.updated_at AS dataset_usages_updated_at 
FROM dataset_usages 
WHERE dataset_usages.analysis_id IN ($1::UUID)
2026-09-17 12:46:39,673 INFO sqlalchemy.engine.Engine [cached since 166.6s ago] (UUID('b65e0791-8a8f-4deb-a681-1aa61db74b7c'),)
2026-09-17 12:46:39 | INFO | sqlalchemy.engine.Engine | [cached since 166.6s ago] (UUID('b65e0791-8a8f-4deb-a681-1aa61db74b7c'),)
2026-09-17 12:46:39,679 INFO sqlalchemy.engine.Engine SELECT timeseries.analysis_id AS timeseries_analysis_id, timeseries.id AS timeseries_id, timeseries.date AS timeseries_date, timeseries.variable AS timeseries_variable, timeseries.value AS timeseries_value, timeseries.metadata AS timeseries_metadata, timeseries.created_at AS timeseries_created_at, timeseries.updated_at AS timeseries_updated_at 
FROM timeseries 
WHERE timeseries.analysis_id IN ($1::UUID)
2026-09-17 12:46:39 | INFO | sqlalchemy.engine.Engine | SELECT timeseries.analysis_id AS timeseries_analysis_id, timeseries.id AS timeseries_id, timeseries.date AS timeseries_date, timeseries.variable AS timeseries_variable, timeseries.value AS timeseries_value, timeseries.metadata AS timeseries_metadata, timeseries.created_at AS timeseries_created_at, timeseries.updated_at AS timeseries_updated_at 
FROM timeseries 
WHERE timeseries.analysis_id IN ($1::UUID)
2026-09-17 12:46:39,679 INFO sqlalchemy.engine.Engine [cached since 166.6s ago] (UUID('b65e0791-8a8f-4deb-a681-1aa61db74b7c'),)
2026-09-17 12:46:39 | INFO | sqlalchemy.engine.Engine | [cached since 166.6s ago] (UUID('b65e0791-8a8f-4deb-a681-1aa61db74b7c'),)
2026-09-17 12:46:39,683 INFO sqlalchemy.engine.Engine SELECT reports.analysis_id AS reports_analysis_id, reports.id AS reports_id, reports.file_path AS reports_file_path, reports.report_type AS reports_report_type, reports.created_at AS reports_created_at, reports.updated_at AS reports_updated_at 
FROM reports 
WHERE reports.analysis_id IN ($1::UUID)
2026-09-17 12:46:39 | INFO | sqlalchemy.engine.Engine | SELECT reports.analysis_id AS reports_analysis_id, reports.id AS reports_id, reports.file_path AS reports_file_path, reports.report_type AS reports_report_type, reports.created_at AS reports_created_at, reports.updated_at AS reports_updated_at 
FROM reports 
WHERE reports.analysis_id IN ($1::UUID)
2026-09-17 12:46:39,684 INFO sqlalchemy.engine.Engine [cached since 166.6s ago] (UUID('b65e0791-8a8f-4deb-a681-1aa61db74b7c'),)
2026-09-17 12:46:39 | INFO | sqlalchemy.engine.Engine | [cached since 166.6s ago] (UUID('b65e0791-8a8f-4deb-a681-1aa61db74b7c'),)
2026-09-17 12:46:39,687 INFO sqlalchemy.engine.Engine SELECT locations.id AS locations_id, locations.name AS locations_name, locations.geometry AS locations_geometry, locations.latitude AS locations_latitude, locations.longitude AS locations_longitude, locations.area_sq_meters AS locations_area_sq_meters, locations.centroid_lat AS locations_centroid_lat, locations.centroid_lng AS locations_centroid_lng, locations.geometry_type AS locations_geometry_type, locations.created_at AS locations_created_at, locations.updated_at AS locations_updated_at 
FROM locations 
WHERE locations.id IN ($1::UUID)
2026-09-17 12:46:39 | INFO | sqlalchemy.engine.Engine | SELECT locations.id AS locations_id, locations.name AS locations_name, locations.geometry AS locations_geometry, locations.latitude AS locations_latitude, locations.longitude AS locations_longitude, locations.area_sq_meters AS locations_area_sq_meters, locations.centroid_lat AS locations_centroid_lat, locations.centroid_lng AS locations_centroid_lng, locations.geometry_type AS locations_geometry_type, locations.created_at AS locations_created_at, locations.updated_at AS locations_updated_at 
FROM locations 
WHERE locations.id IN ($1::UUID)
2026-09-17 12:46:39,687 INFO sqlalchemy.engine.Engine [cached since 166.6s ago] (UUID('e08640bc-abc9-4f27-a1ce-ab0bfc61dddd'),)
2026-09-17 12:46:39 | INFO | sqlalchemy.engine.Engine | [cached since 166.6s ago] (UUID('e08640bc-abc9-4f27-a1ce-ab0bfc61dddd'),)
2026-09-17 12:46:39,689 INFO sqlalchemy.engine.Engine BEGIN (implicit)
2026-09-17 12:46:39 | INFO | sqlalchemy.engine.Engine | BEGIN (implicit)
2026-09-17 12:46:39,695 INFO sqlalchemy.engine.Engine SELECT analyses.id, analyses.location_id, analyses.start_date, analyses.end_date, analyses.analysis_type, analyses.temporal_resolution, analyses.status, analyses.error_message, analyses.completed_at, analyses.result_data, analyses.created_at, analyses.updated_at 
FROM analyses 
WHERE analyses.id = $1::UUID
2026-09-17 12:46:39 | INFO | sqlalchemy.engine.Engine | SELECT analyses.id, analyses.location_id, analyses.start_date, analyses.end_date, analyses.analysis_type, analyses.temporal_resolution, analyses.status, analyses.error_message, analyses.completed_at, analyses.result_data, analyses.created_at, analyses.updated_at 
FROM analyses 
WHERE analyses.id = $1::UUID
2026-09-17 12:46:39,696 INFO sqlalchemy.engine.Engine [cached since 166.7s ago] (UUID('b65e0791-8a8f-4deb-a681-1aa61db74b7c'),)
2026-09-17 12:46:39 | INFO | sqlalchemy.engine.Engine | [cached since 166.7s ago] (UUID('b65e0791-8a8f-4deb-a681-1aa61db74b7c'),)
2026-09-17 12:46:39,698 INFO sqlalchemy.engine.Engine SELECT analyses.id, analyses.location_id, analyses.start_date, analyses.end_date, analyses.analysis_type, analyses.temporal_resolution, analyses.status, analyses.error_message, analyses.completed_at, analyses.result_data, analyses.created_at, analyses.updated_at 
FROM analyses 
WHERE analyses.id = $1::UUID
2026-09-17 12:46:39 | INFO | sqlalchemy.engine.Engine | SELECT analyses.id, analyses.location_id, analyses.start_date, analyses.end_date, analyses.analysis_type, analyses.temporal_resolution, analyses.status, analyses.error_message, analyses.completed_at, analyses.result_data, analyses.created_at, analyses.updated_at 
FROM analyses 
WHERE analyses.id = $1::UUID
2026-09-17 12:46:39,699 INFO sqlalchemy.engine.Engine [cached since 166.7s ago] (UUID('b65e0791-8a8f-4deb-a681-1aa61db74b7c'),)
2026-09-17 12:46:39 | INFO | sqlalchemy.engine.Engine | [cached since 166.7s ago] (UUID('b65e0791-8a8f-4deb-a681-1aa61db74b7c'),)
2026-09-17 12:46:39,702 INFO sqlalchemy.engine.Engine SELECT dataset_usages.analysis_id AS dataset_usages_analysis_id, dataset_usages.id AS dataset_usages_id, dataset_usages.dataset_id AS dataset_usages_dataset_id, dataset_usages.variable AS dataset_usages_variable, dataset_usages.resolution AS dataset_usages_resolution, dataset_usages.date_range AS dataset_usages_date_range, dataset_usages.metadata AS dataset_usages_metadata, dataset_usages.created_at AS dataset_usages_created_at, dataset_usages.updated_at AS dataset_usages_updated_at 
FROM dataset_usages 
WHERE dataset_usages.analysis_id IN ($1::UUID)
2026-09-17 12:46:39 | INFO | sqlalchemy.engine.Engine | SELECT dataset_usages.analysis_id AS dataset_usages_analysis_id, dataset_usages.id AS dataset_usages_id, dataset_usages.dataset_id AS dataset_usages_dataset_id, dataset_usages.variable AS dataset_usages_variable, dataset_usages.resolution AS dataset_usages_resolution, dataset_usages.date_range AS dataset_usages_date_range, dataset_usages.metadata AS dataset_usages_metadata, dataset_usages.created_at AS dataset_usages_created_at, dataset_usages.updated_at AS dataset_usages_updated_at 
FROM dataset_usages 
WHERE dataset_usages.analysis_id IN ($1::UUID)
2026-09-17 12:46:39,702 INFO sqlalchemy.engine.Engine [cached since 166.7s ago] (UUID('b65e0791-8a8f-4deb-a681-1aa61db74b7c'),)
2026-09-17 12:46:39 | INFO | sqlalchemy.engine.Engine | [cached since 166.7s ago] (UUID('b65e0791-8a8f-4deb-a681-1aa61db74b7c'),)
2026-09-17 12:46:39,705 INFO sqlalchemy.engine.Engine SELECT timeseries.analysis_id AS timeseries_analysis_id, timeseries.id AS timeseries_id, timeseries.date AS timeseries_date, timeseries.variable AS timeseries_variable, timeseries.value AS timeseries_value, timeseries.metadata AS timeseries_metadata, timeseries.created_at AS timeseries_created_at, timeseries.updated_at AS timeseries_updated_at 
FROM timeseries 
WHERE timeseries.analysis_id IN ($1::UUID)
2026-09-17 12:46:39 | INFO | sqlalchemy.engine.Engine | SELECT timeseries.analysis_id AS timeseries_analysis_id, timeseries.id AS timeseries_id, timeseries.date AS timeseries_date, timeseries.variable AS timeseries_variable, timeseries.value AS timeseries_value, timeseries.metadata AS timeseries_metadata, timeseries.created_at AS timeseries_created_at, timeseries.updated_at AS timeseries_updated_at 
FROM timeseries 
WHERE timeseries.analysis_id IN ($1::UUID)
2026-09-17 12:46:39,706 INFO sqlalchemy.engine.Engine [cached since 166.6s ago] (UUID('b65e0791-8a8f-4deb-a681-1aa61db74b7c'),)
2026-09-17 12:46:39 | INFO | sqlalchemy.engine.Engine | [cached since 166.6s ago] (UUID('b65e0791-8a8f-4deb-a681-1aa61db74b7c'),)
2026-09-17 12:46:39,712 INFO sqlalchemy.engine.Engine SELECT reports.analysis_id AS reports_analysis_id, reports.id AS reports_id, reports.file_path AS reports_file_path, reports.report_type AS reports_report_type, reports.created_at AS reports_created_at, reports.updated_at AS reports_updated_at 
FROM reports 
WHERE reports.analysis_id IN ($1::UUID)
2026-09-17 12:46:39 | INFO | sqlalchemy.engine.Engine | SELECT reports.analysis_id AS reports_analysis_id, reports.id AS reports_id, reports.file_path AS reports_file_path, reports.report_type AS reports_report_type, reports.created_at AS reports_created_at, reports.updated_at AS reports_updated_at 
FROM reports 
WHERE reports.analysis_id IN ($1::UUID)
2026-09-17 12:46:39,713 INFO sqlalchemy.engine.Engine [cached since 166.6s ago] (UUID('b65e0791-8a8f-4deb-a681-1aa61db74b7c'),)
2026-09-17 12:46:39 | INFO | sqlalchemy.engine.Engine | [cached since 166.6s ago] (UUID('b65e0791-8a8f-4deb-a681-1aa61db74b7c'),)
2026-09-17 12:46:39,717 INFO sqlalchemy.engine.Engine SELECT dataset_usages.analysis_id AS dataset_usages_analysis_id, dataset_usages.id AS dataset_usages_id, dataset_usages.dataset_id AS dataset_usages_dataset_id, dataset_usages.variable AS dataset_usages_variable, dataset_usages.resolution AS dataset_usages_resolution, dataset_usages.date_range AS dataset_usages_date_range, dataset_usages.metadata AS dataset_usages_metadata, dataset_usages.created_at AS dataset_usages_created_at, dataset_usages.updated_at AS dataset_usages_updated_at 
FROM dataset_usages 
WHERE dataset_usages.analysis_id IN ($1::UUID)
2026-09-17 12:46:39 | INFO | sqlalchemy.engine.Engine | SELECT dataset_usages.analysis_id AS dataset_usages_analysis_id, dataset_usages.id AS dataset_usages_id, dataset_usages.dataset_id AS dataset_usages_dataset_id, dataset_usages.variable AS dataset_usages_variable, dataset_usages.resolution AS dataset_usages_resolution, dataset_usages.date_range AS dataset_usages_date_range, dataset_usages.metadata AS dataset_usages_metadata, dataset_usages.created_at AS dataset_usages_created_at, dataset_usages.updated_at AS dataset_usages_updated_at 
FROM dataset_usages 
WHERE dataset_usages.analysis_id IN ($1::UUID)
2026-09-17 12:46:39,718 INFO sqlalchemy.engine.Engine [cached since 166.7s ago] (UUID('b65e0791-8a8f-4deb-a681-1aa61db74b7c'),)
2026-09-17 12:46:39 | INFO | sqlalchemy.engine.Engine | [cached since 166.7s ago] (UUID('b65e0791-8a8f-4deb-a681-1aa61db74b7c'),)
2026-09-17 12:46:39,720 INFO sqlalchemy.engine.Engine SELECT locations.id AS locations_id, locations.name AS locations_name, locations.geometry AS locations_geometry, locations.latitude AS locations_latitude, locations.longitude AS locations_longitude, locations.area_sq_meters AS locations_area_sq_meters, locations.centroid_lat AS locations_centroid_lat, locations.centroid_lng AS locations_centroid_lng, locations.geometry_type AS locations_geometry_type, locations.created_at AS locations_created_at, locations.updated_at AS locations_updated_at 
FROM locations 
WHERE locations.id IN ($1::UUID)
2026-09-17 12:46:39 | INFO | sqlalchemy.engine.Engine | SELECT locations.id AS locations_id, locations.name AS locations_name, locations.geometry AS locations_geometry, locations.latitude AS locations_latitude, locations.longitude AS locations_longitude, locations.area_sq_meters AS locations_area_sq_meters, locations.centroid_lat AS locations_centroid_lat, locations.centroid_lng AS locations_centroid_lng, locations.geometry_type AS locations_geometry_type, locations.created_at AS locations_created_at, locations.updated_at AS locations_updated_at 
FROM locations 
WHERE locations.id IN ($1::UUID)
2026-09-17 12:46:39,721 INFO sqlalchemy.engine.Engine [cached since 166.6s ago] (UUID('e08640bc-abc9-4f27-a1ce-ab0bfc61dddd'),)
2026-09-17 12:46:39 | INFO | sqlalchemy.engine.Engine | [cached since 166.6s ago] (UUID('e08640bc-abc9-4f27-a1ce-ab0bfc61dddd'),)
2026-09-17 12:46:39,726 INFO sqlalchemy.engine.Engine COMMIT
2026-09-17 12:46:39 | INFO | sqlalchemy.engine.Engine | COMMIT
2026-09-17 12:46:39,728 INFO sqlalchemy.engine.Engine SELECT timeseries.analysis_id AS timeseries_analysis_id, timeseries.id AS timeseries_id, timeseries.date AS timeseries_date, timeseries.variable AS timeseries_variable, timeseries.value AS timeseries_value, timeseries.metadata AS timeseries_metadata, timeseries.created_at AS timeseries_created_at, timeseries.updated_at AS timeseries_updated_at 
FROM timeseries 
WHERE timeseries.analysis_id IN ($1::UUID)
2026-09-17 12:46:39 | INFO | sqlalchemy.engine.Engine | SELECT timeseries.analysis_id AS timeseries_analysis_id, timeseries.id AS timeseries_id, timeseries.date AS timeseries_date, timeseries.variable AS timeseries_variable, timeseries.value AS timeseries_value, timeseries.metadata AS timeseries_metadata, timeseries.created_at AS timeseries_created_at, timeseries.updated_at AS timeseries_updated_at 
FROM timeseries 
WHERE timeseries.analysis_id IN ($1::UUID)
2026-09-17 12:46:39,729 INFO sqlalchemy.engine.Engine [cached since 166.7s ago] (UUID('b65e0791-8a8f-4deb-a681-1aa61db74b7c'),)
2026-09-17 12:46:39 | INFO | sqlalchemy.engine.Engine | [cached since 166.7s ago] (UUID('b65e0791-8a8f-4deb-a681-1aa61db74b7c'),)
INFO:     127.0.0.1:61386 - "GET /api/v1/analyses/b65e0791-8a8f-4deb-a681-1aa61db74b7c/maps HTTP/1.1" 200 OK
2026-09-17 12:46:39,735 INFO sqlalchemy.engine.Engine SELECT reports.analysis_id AS reports_analysis_id, reports.id AS reports_id, reports.file_path AS reports_file_path, reports.report_type AS reports_report_type, reports.created_at AS reports_created_at, reports.updated_at AS reports_updated_at 
FROM reports 
WHERE reports.analysis_id IN ($1::UUID)
2026-09-17 12:46:39 | INFO | sqlalchemy.engine.Engine | SELECT reports.analysis_id AS reports_analysis_id, reports.id AS reports_id, reports.file_path AS reports_file_path, reports.report_type AS reports_report_type, reports.created_at AS reports_created_at, reports.updated_at AS reports_updated_at 
FROM reports 
WHERE reports.analysis_id IN ($1::UUID)
2026-09-17 12:46:39,735 INFO sqlalchemy.engine.Engine [cached since 166.7s ago] (UUID('b65e0791-8a8f-4deb-a681-1aa61db74b7c'),)
2026-09-17 12:46:39 | INFO | sqlalchemy.engine.Engine | [cached since 166.7s ago] (UUID('b65e0791-8a8f-4deb-a681-1aa61db74b7c'),)
2026-09-17 12:46:39,740 INFO sqlalchemy.engine.Engine SELECT locations.id AS locations_id, locations.name AS locations_name, locations.geometry AS locations_geometry, locations.latitude AS locations_latitude, locations.longitude AS locations_longitude, locations.area_sq_meters AS locations_area_sq_meters, locations.centroid_lat AS locations_centroid_lat, locations.centroid_lng AS locations_centroid_lng, locations.geometry_type AS locations_geometry_type, locations.created_at AS locations_created_at, locations.updated_at AS locations_updated_at 
FROM locations 
WHERE locations.id IN ($1::UUID)
2026-09-17 12:46:39 | INFO | sqlalchemy.engine.Engine | SELECT locations.id AS locations_id, locations.name AS locations_name, locations.geometry AS locations_geometry, locations.latitude AS locations_latitude, locations.longitude AS locations_longitude, locations.area_sq_meters AS locations_area_sq_meters, locations.centroid_lat AS locations_centroid_lat, locations.centroid_lng AS locations_centroid_lng, locations.geometry_type AS locations_geometry_type, locations.created_at AS locations_created_at, locations.updated_at AS locations_updated_at 
FROM locations 
WHERE locations.id IN ($1::UUID)
2026-09-17 12:46:39,742 INFO sqlalchemy.engine.Engine [cached since 166.7s ago] (UUID('e08640bc-abc9-4f27-a1ce-ab0bfc61dddd'),)
2026-09-17 12:46:39 | INFO | sqlalchemy.engine.Engine | [cached since 166.7s ago] (UUID('e08640bc-abc9-4f27-a1ce-ab0bfc61dddd'),)
2026-09-17 12:46:39,747 INFO sqlalchemy.engine.Engine SELECT timeseries.id, timeseries.analysis_id, timeseries.date, timeseries.variable, timeseries.value, timeseries.metadata, timeseries.created_at, timeseries.updated_at 
FROM timeseries 
WHERE timeseries.analysis_id = $1::UUID ORDER BY timeseries.date
2026-09-17 12:46:39 | INFO | sqlalchemy.engine.Engine | SELECT timeseries.id, timeseries.analysis_id, timeseries.date, timeseries.variable, timeseries.value, timeseries.metadata, timeseries.created_at, timeseries.updated_at 
FROM timeseries 
WHERE timeseries.analysis_id = $1::UUID ORDER BY timeseries.date
2026-09-17 12:46:39,748 INFO sqlalchemy.engine.Engine [cached since 166.2s ago] (UUID('b65e0791-8a8f-4deb-a681-1aa61db74b7c'),)
2026-09-17 12:46:39 | INFO | sqlalchemy.engine.Engine | [cached since 166.2s ago] (UUID('b65e0791-8a8f-4deb-a681-1aa61db74b7c'),)
2026-09-17 12:46:39,751 INFO sqlalchemy.engine.Engine COMMIT
2026-09-17 12:46:39 | INFO | sqlalchemy.engine.Engine | COMMIT
INFO:     127.0.0.1:61383 - "GET /api/v1/analyses/b65e0791-8a8f-4deb-a681-1aa61db74b7c/timeseries HTTP/1.1" 200 OK
2026-09-17 12:46:39,764 INFO sqlalchemy.engine.Engine BEGIN (implicit)
2026-09-17 12:46:39 | INFO | sqlalchemy.engine.Engine | BEGIN (implicit)
2026-09-17 12:46:39,766 INFO sqlalchemy.engine.Engine SELECT analyses.id, analyses.location_id, analyses.start_date, analyses.end_date, analyses.analysis_type, analyses.temporal_resolution, analyses.status, analyses.error_message, analyses.completed_at, analyses.result_data, analyses.created_at, analyses.updated_at 
FROM analyses 
WHERE analyses.id = $1::UUID
2026-09-17 12:46:39 | INFO | sqlalchemy.engine.Engine | SELECT analyses.id, analyses.location_id, analyses.start_date, analyses.end_date, analyses.analysis_type, analyses.temporal_resolution, analyses.status, analyses.error_message, analyses.completed_at, analyses.result_data, analyses.created_at, analyses.updated_at 
FROM analyses 
WHERE analyses.id = $1::UUID
2026-09-17 12:46:39,766 INFO sqlalchemy.engine.Engine [cached since 166.7s ago] (UUID('b65e0791-8a8f-4deb-a681-1aa61db74b7c'),)
2026-09-17 12:46:39 | INFO | sqlalchemy.engine.Engine | [cached since 166.7s ago] (UUID('b65e0791-8a8f-4deb-a681-1aa61db74b7c'),)
2026-09-17 12:46:39,773 INFO sqlalchemy.engine.Engine SELECT dataset_usages.analysis_id AS dataset_usages_analysis_id, dataset_usages.id AS dataset_usages_id, dataset_usages.dataset_id AS dataset_usages_dataset_id, dataset_usages.variable AS dataset_usages_variable, dataset_usages.resolution AS dataset_usages_resolution, dataset_usages.date_range AS dataset_usages_date_range, dataset_usages.metadata AS dataset_usages_metadata, dataset_usages.created_at AS dataset_usages_created_at, dataset_usages.updated_at AS dataset_usages_updated_at 
FROM dataset_usages 
WHERE dataset_usages.analysis_id IN ($1::UUID)
2026-09-17 12:46:39 | INFO | sqlalchemy.engine.Engine | SELECT dataset_usages.analysis_id AS dataset_usages_analysis_id, dataset_usages.id AS dataset_usages_id, dataset_usages.dataset_id AS dataset_usages_dataset_id, dataset_usages.variable AS dataset_usages_variable, dataset_usages.resolution AS dataset_usages_resolution, dataset_usages.date_range AS dataset_usages_date_range, dataset_usages.metadata AS dataset_usages_metadata, dataset_usages.created_at AS dataset_usages_created_at, dataset_usages.updated_at AS dataset_usages_updated_at 
FROM dataset_usages 
WHERE dataset_usages.analysis_id IN ($1::UUID)
2026-09-17 12:46:39,775 INFO sqlalchemy.engine.Engine [cached since 166.7s ago] (UUID('b65e0791-8a8f-4deb-a681-1aa61db74b7c'),)
2026-09-17 12:46:39 | INFO | sqlalchemy.engine.Engine | [cached since 166.7s ago] (UUID('b65e0791-8a8f-4deb-a681-1aa61db74b7c'),)
2026-09-17 12:46:39,779 INFO sqlalchemy.engine.Engine SELECT timeseries.analysis_id AS timeseries_analysis_id, timeseries.id AS timeseries_id, timeseries.date AS timeseries_date, timeseries.variable AS timeseries_variable, timeseries.value AS timeseries_value, timeseries.metadata AS timeseries_metadata, timeseries.created_at AS timeseries_created_at, timeseries.updated_at AS timeseries_updated_at 
FROM timeseries 
WHERE timeseries.analysis_id IN ($1::UUID)
2026-09-17 12:46:39 | INFO | sqlalchemy.engine.Engine | SELECT timeseries.analysis_id AS timeseries_analysis_id, timeseries.id AS timeseries_id, timeseries.date AS timeseries_date, timeseries.variable AS timeseries_variable, timeseries.value AS timeseries_value, timeseries.metadata AS timeseries_metadata, timeseries.created_at AS timeseries_created_at, timeseries.updated_at AS timeseries_updated_at 
FROM timeseries 
WHERE timeseries.analysis_id IN ($1::UUID)
2026-09-17 12:46:39,780 INFO sqlalchemy.engine.Engine [cached since 166.7s ago] (UUID('b65e0791-8a8f-4deb-a681-1aa61db74b7c'),)
2026-09-17 12:46:39 | INFO | sqlalchemy.engine.Engine | [cached since 166.7s ago] (UUID('b65e0791-8a8f-4deb-a681-1aa61db74b7c'),)
2026-09-17 12:46:39,784 INFO sqlalchemy.engine.Engine SELECT reports.analysis_id AS reports_analysis_id, reports.id AS reports_id, reports.file_path AS reports_file_path, reports.report_type AS reports_report_type, reports.created_at AS reports_created_at, reports.updated_at AS reports_updated_at 
FROM reports 
WHERE reports.analysis_id IN ($1::UUID)
2026-09-17 12:46:39 | INFO | sqlalchemy.engine.Engine | SELECT reports.analysis_id AS reports_analysis_id, reports.id AS reports_id, reports.file_path AS reports_file_path, reports.report_type AS reports_report_type, reports.created_at AS reports_created_at, reports.updated_at AS reports_updated_at 
FROM reports 
WHERE reports.analysis_id IN ($1::UUID)
2026-09-17 12:46:39,785 INFO sqlalchemy.engine.Engine [cached since 166.7s ago] (UUID('b65e0791-8a8f-4deb-a681-1aa61db74b7c'),)
2026-09-17 12:46:39 | INFO | sqlalchemy.engine.Engine | [cached since 166.7s ago] (UUID('b65e0791-8a8f-4deb-a681-1aa61db74b7c'),)
2026-09-17 12:46:39,789 INFO sqlalchemy.engine.Engine SELECT locations.id AS locations_id, locations.name AS locations_name, locations.geometry AS locations_geometry, locations.latitude AS locations_latitude, locations.longitude AS locations_longitude, locations.area_sq_meters AS locations_area_sq_meters, locations.centroid_lat AS locations_centroid_lat, locations.centroid_lng AS locations_centroid_lng, locations.geometry_type AS locations_geometry_type, locations.created_at AS locations_created_at, locations.updated_at AS locations_updated_at 
FROM locations 
WHERE locations.id IN ($1::UUID)
2026-09-17 12:46:39 | INFO | sqlalchemy.engine.Engine | SELECT locations.id AS locations_id, locations.name AS locations_name, locations.geometry AS locations_geometry, locations.latitude AS locations_latitude, locations.longitude AS locations_longitude, locations.area_sq_meters AS locations_area_sq_meters, locations.centroid_lat AS locations_centroid_lat, locations.centroid_lng AS locations_centroid_lng, locations.geometry_type AS locations_geometry_type, locations.created_at AS locations_created_at, locations.updated_at AS locations_updated_at 
FROM locations 
WHERE locations.id IN ($1::UUID)
2026-09-17 12:46:39,789 INFO sqlalchemy.engine.Engine [cached since 166.7s ago] (UUID('e08640bc-abc9-4f27-a1ce-ab0bfc61dddd'),)
2026-09-17 12:46:39 | INFO | sqlalchemy.engine.Engine | [cached since 166.7s ago] (UUID('e08640bc-abc9-4f27-a1ce-ab0bfc61dddd'),)
2026-09-17 12:46:39,795 INFO sqlalchemy.engine.Engine SELECT timeseries.id, timeseries.analysis_id, timeseries.date, timeseries.variable, timeseries.value, timeseries.metadata, timeseries.created_at, timeseries.updated_at 
FROM timeseries 
WHERE timeseries.analysis_id = $1::UUID ORDER BY timeseries.date
2026-09-17 12:46:39 | INFO | sqlalchemy.engine.Engine | SELECT timeseries.id, timeseries.analysis_id, timeseries.date, timeseries.variable, timeseries.value, timeseries.metadata, timeseries.created_at, timeseries.updated_at 
FROM timeseries 
WHERE timeseries.analysis_id = $1::UUID ORDER BY timeseries.date
2026-09-17 12:46:39,796 INFO sqlalchemy.engine.Engine [cached since 166.2s ago] (UUID('b65e0791-8a8f-4deb-a681-1aa61db74b7c'),)
2026-09-17 12:46:39 | INFO | sqlalchemy.engine.Engine | [cached since 166.2s ago] (UUID('b65e0791-8a8f-4deb-a681-1aa61db74b7c'),)
2026-09-17 12:46:39,799 INFO sqlalchemy.engine.Engine COMMIT
2026-09-17 12:46:39 | INFO | sqlalchemy.engine.Engine | COMMIT
INFO:     127.0.0.1:61388 - "GET /api/v1/analyses/b65e0791-8a8f-4deb-a681-1aa61db74b7c/timeseries HTTP/1.1" 200 OK
2026-09-17 12:57:17,781 INFO sqlalchemy.engine.Engine BEGIN (implicit)
2026-09-17 12:57:17 | INFO | sqlalchemy.engine.Engine | BEGIN (implicit)
2026-09-17 12:57:17,816 INFO sqlalchemy.engine.Engine INSERT INTO locations (id, name, geometry, latitude, longitude, area_sq_meters, centroid_lat, centroid_lng, geometry_type) VALUES ($1::UUID, $2::VARCHAR, $3::JSONB, $4::FLOAT, $5::FLOAT, $6::FLOAT, $7::FLOAT, $8::FLOAT, $9::VARCHAR) RETURNING locations.created_at, locations.updated_at
2026-09-17 12:57:17 | INFO | sqlalchemy.engine.Engine | INSERT INTO locations (id, name, geometry, latitude, longitude, area_sq_meters, centroid_lat, centroid_lng, geometry_type) VALUES ($1::UUID, $2::VARCHAR, $3::JSONB, $4::FLOAT, $5::FLOAT, $6::FLOAT, $7::FLOAT, $8::FLOAT, $9::VARCHAR) RETURNING locations.created_at, locations.updated_at
2026-09-17 12:57:17,818 INFO sqlalchemy.engine.Engine [cached since 822.3s ago] (UUID('997583d9-2fad-4986-9ea1-eb2c156b5019'), None, '{"type": "Point", "coordinates": [53.688, 32.4279]}', 32.4279, 53.688, None, 32.4279, 53.688, 'Point')
2026-09-17 12:57:17 | INFO | sqlalchemy.engine.Engine | [cached since 822.3s ago] (UUID('997583d9-2fad-4986-9ea1-eb2c156b5019'), None, '{"type": "Point", "coordinates": [53.688, 32.4279]}', 32.4279, 53.688, None, 32.4279, 53.688, 'Point')
2026-09-17 12:57:17,919 INFO sqlalchemy.engine.Engine INSERT INTO analyses (id, location_id, start_date, end_date, analysis_type, temporal_resolution, status, error_message, completed_at) VALUES ($1::UUID, $2::UUID, $3::VARCHAR, $4::VARCHAR, $5::VARCHAR, $6::VARCHAR, $7::VARCHAR, $8::VARCHAR, $9::TIMESTAMP WITH TIME ZONE) RETURNING analyses.created_at, analyses.updated_at
2026-09-17 12:57:17 | INFO | sqlalchemy.engine.Engine | INSERT INTO analyses (id, location_id, start_date, end_date, analysis_type, temporal_resolution, status, error_message, completed_at) VALUES ($1::UUID, $2::UUID, $3::VARCHAR, $4::VARCHAR, $5::VARCHAR, $6::VARCHAR, $7::VARCHAR, $8::VARCHAR, $9::TIMESTAMP WITH TIME ZONE) RETURNING analyses.created_at, analyses.updated_at
2026-09-17 12:57:17,920 INFO sqlalchemy.engine.Engine [cached since 822.1s ago] (UUID('b16846bd-112d-4d52-9145-7b66e8c66bc5'), UUID('997583d9-2fad-4986-9ea1-eb2c156b5019'), '2025-01-01', '2025-09-01', 'climate', 'monthly', 'running', None, None)
2026-09-17 12:57:17 | INFO | sqlalchemy.engine.Engine | [cached since 822.1s ago] (UUID('b16846bd-112d-4d52-9145-7b66e8c66bc5'), UUID('997583d9-2fad-4986-9ea1-eb2c156b5019'), '2025-01-01', '2025-09-01', 'climate', 'monthly', 'running', None, None)
2026-09-17 12:57:17 | INFO | app.services.analysis_service | Creating analysis 5c1b3bce-8915-4be6-815a-3f07abee04da: climate
2026-09-17 12:57:17,948 INFO sqlalchemy.engine.Engine UPDATE analyses SET status=$1::VARCHAR, error_message=$2::VARCHAR, completed_at=$3::TIMESTAMP WITH TIME ZONE, result_data=$4::JSONB, updated_at=now() WHERE analyses.id = $5::UUID
2026-09-17 12:57:17 | INFO | sqlalchemy.engine.Engine | UPDATE analyses SET status=$1::VARCHAR, error_message=$2::VARCHAR, completed_at=$3::TIMESTAMP WITH TIME ZONE, result_data=$4::JSONB, updated_at=now() WHERE analyses.id = $5::UUID
2026-09-17 12:57:17,949 INFO sqlalchemy.engine.Engine [cached since 805.4s ago] ('failed', None, datetime.datetime(2026, 9, 17, 9, 27, 17, 947114), '{"status": "not_implemented", "message": "Analysis type \'climate\' not yet implemented"}', UUID('b16846bd-112d-4d52-9145-7b66e8c66bc5'))
2026-09-17 12:57:17 | INFO | sqlalchemy.engine.Engine | [cached since 805.4s ago] ('failed', None, datetime.datetime(2026, 9, 17, 9, 27, 17, 947114), '{"status": "not_implemented", "message": "Analysis type \'climate\' not yet implemented"}', UUID('b16846bd-112d-4d52-9145-7b66e8c66bc5'))
2026-09-17 12:57:17,992 INFO sqlalchemy.engine.Engine SELECT analyses.id, analyses.location_id, analyses.start_date, analyses.end_date, analyses.analysis_type, analyses.temporal_resolution, analyses.status, analyses.error_message, analyses.completed_at, analyses.result_data, analyses.created_at, analyses.updated_at 
FROM analyses 
WHERE analyses.id = $1::UUID
2026-09-17 12:57:17 | INFO | sqlalchemy.engine.Engine | SELECT analyses.id, analyses.location_id, analyses.start_date, analyses.end_date, analyses.analysis_type, analyses.temporal_resolution, analyses.status, analyses.error_message, analyses.completed_at, analyses.result_data, analyses.created_at, analyses.updated_at 
FROM analyses 
WHERE analyses.id = $1::UUID
2026-09-17 12:57:17,994 INFO sqlalchemy.engine.Engine [cached since 805.3s ago] (UUID('b16846bd-112d-4d52-9145-7b66e8c66bc5'),)
2026-09-17 12:57:17 | INFO | sqlalchemy.engine.Engine | [cached since 805.3s ago] (UUID('b16846bd-112d-4d52-9145-7b66e8c66bc5'),)
2026-09-17 12:57:18,023 INFO sqlalchemy.engine.Engine SELECT dataset_usages.id AS dataset_usages_id, dataset_usages.analysis_id AS dataset_usages_analysis_id, dataset_usages.dataset_id AS dataset_usages_dataset_id, dataset_usages.variable AS dataset_usages_variable, dataset_usages.resolution AS dataset_usages_resolution, dataset_usages.date_range AS dataset_usages_date_range, dataset_usages.metadata AS dataset_usages_metadata, dataset_usages.created_at AS dataset_usages_created_at, dataset_usages.updated_at AS dataset_usages_updated_at 
FROM dataset_usages 
WHERE $1::UUID = dataset_usages.analysis_id
2026-09-17 12:57:18 | INFO | sqlalchemy.engine.Engine | SELECT dataset_usages.id AS dataset_usages_id, dataset_usages.analysis_id AS dataset_usages_analysis_id, dataset_usages.dataset_id AS dataset_usages_dataset_id, dataset_usages.variable AS dataset_usages_variable, dataset_usages.resolution AS dataset_usages_resolution, dataset_usages.date_range AS dataset_usages_date_range, dataset_usages.metadata AS dataset_usages_metadata, dataset_usages.created_at AS dataset_usages_created_at, dataset_usages.updated_at AS dataset_usages_updated_at 
FROM dataset_usages 
WHERE $1::UUID = dataset_usages.analysis_id
2026-09-17 12:57:18,027 INFO sqlalchemy.engine.Engine [cached since 805.3s ago] (UUID('b16846bd-112d-4d52-9145-7b66e8c66bc5'),)
2026-09-17 12:57:18 | INFO | sqlalchemy.engine.Engine | [cached since 805.3s ago] (UUID('b16846bd-112d-4d52-9145-7b66e8c66bc5'),)
2026-09-17 12:57:18,048 INFO sqlalchemy.engine.Engine SELECT timeseries.id AS timeseries_id, timeseries.analysis_id AS timeseries_analysis_id, timeseries.date AS timeseries_date, timeseries.variable AS timeseries_variable, timeseries.value AS timeseries_value, timeseries.metadata AS timeseries_metadata, timeseries.created_at AS timeseries_created_at, timeseries.updated_at AS timeseries_updated_at 
FROM timeseries 
WHERE $1::UUID = timeseries.analysis_id
2026-09-17 12:57:18 | INFO | sqlalchemy.engine.Engine | SELECT timeseries.id AS timeseries_id, timeseries.analysis_id AS timeseries_analysis_id, timeseries.date AS timeseries_date, timeseries.variable AS timeseries_variable, timeseries.value AS timeseries_value, timeseries.metadata AS timeseries_metadata, timeseries.created_at AS timeseries_created_at, timeseries.updated_at AS timeseries_updated_at 
FROM timeseries 
WHERE $1::UUID = timeseries.analysis_id
2026-09-17 12:57:18,049 INFO sqlalchemy.engine.Engine [cached since 805.3s ago] (UUID('b16846bd-112d-4d52-9145-7b66e8c66bc5'),)
2026-09-17 12:57:18 | INFO | sqlalchemy.engine.Engine | [cached since 805.3s ago] (UUID('b16846bd-112d-4d52-9145-7b66e8c66bc5'),)
2026-09-17 12:57:18,063 INFO sqlalchemy.engine.Engine SELECT reports.id AS reports_id, reports.analysis_id AS reports_analysis_id, reports.file_path AS reports_file_path, reports.report_type AS reports_report_type, reports.created_at AS reports_created_at, reports.updated_at AS reports_updated_at 
FROM reports 
WHERE $1::UUID = reports.analysis_id
2026-09-17 12:57:18 | INFO | sqlalchemy.engine.Engine | SELECT reports.id AS reports_id, reports.analysis_id AS reports_analysis_id, reports.file_path AS reports_file_path, reports.report_type AS reports_report_type, reports.created_at AS reports_created_at, reports.updated_at AS reports_updated_at 
FROM reports 
WHERE $1::UUID = reports.analysis_id
2026-09-17 12:57:18,063 INFO sqlalchemy.engine.Engine [cached since 805.3s ago] (UUID('b16846bd-112d-4d52-9145-7b66e8c66bc5'),)
2026-09-17 12:57:18 | INFO | sqlalchemy.engine.Engine | [cached since 805.3s ago] (UUID('b16846bd-112d-4d52-9145-7b66e8c66bc5'),)
2026-09-17 12:57:18,075 INFO sqlalchemy.engine.Engine COMMIT
2026-09-17 12:57:18 | INFO | sqlalchemy.engine.Engine | COMMIT
INFO:     127.0.0.1:62351 - "POST /api/v1/analyses HTTP/1.1" 201 Created
2026-09-17 12:57:18,468 INFO sqlalchemy.engine.Engine BEGIN (implicit)
2026-09-17 12:57:18 | INFO | sqlalchemy.engine.Engine | BEGIN (implicit)
2026-09-17 12:57:18,469 INFO sqlalchemy.engine.Engine SELECT analyses.id, analyses.location_id, analyses.start_date, analyses.end_date, analyses.analysis_type, analyses.temporal_resolution, analyses.status, analyses.error_message, analyses.completed_at, analyses.result_data, analyses.created_at, analyses.updated_at 
FROM analyses 
WHERE analyses.id = $1::UUID
2026-09-17 12:57:18 | INFO | sqlalchemy.engine.Engine | SELECT analyses.id, analyses.location_id, analyses.start_date, analyses.end_date, analyses.analysis_type, analyses.temporal_resolution, analyses.status, analyses.error_message, analyses.completed_at, analyses.result_data, analyses.created_at, analyses.updated_at 
FROM analyses 
WHERE analyses.id = $1::UUID
2026-09-17 12:57:18,470 INFO sqlalchemy.engine.Engine [cached since 805.4s ago] (UUID('b16846bd-112d-4d52-9145-7b66e8c66bc5'),)
2026-09-17 12:57:18 | INFO | sqlalchemy.engine.Engine | [cached since 805.4s ago] (UUID('b16846bd-112d-4d52-9145-7b66e8c66bc5'),)
2026-09-17 12:57:18,478 INFO sqlalchemy.engine.Engine BEGIN (implicit)
2026-09-17 12:57:18 | INFO | sqlalchemy.engine.Engine | BEGIN (implicit)
2026-09-17 12:57:18,480 INFO sqlalchemy.engine.Engine SELECT analyses.id, analyses.location_id, analyses.start_date, analyses.end_date, analyses.analysis_type, analyses.temporal_resolution, analyses.status, analyses.error_message, analyses.completed_at, analyses.result_data, analyses.created_at, analyses.updated_at 
FROM analyses 
WHERE analyses.id = $1::UUID
2026-09-17 12:57:18 | INFO | sqlalchemy.engine.Engine | SELECT analyses.id, analyses.location_id, analyses.start_date, analyses.end_date, analyses.analysis_type, analyses.temporal_resolution, analyses.status, analyses.error_message, analyses.completed_at, analyses.result_data, analyses.created_at, analyses.updated_at 
FROM analyses 
WHERE analyses.id = $1::UUID
2026-09-17 12:57:18,480 INFO sqlalchemy.engine.Engine [cached since 805.5s ago] (UUID('b16846bd-112d-4d52-9145-7b66e8c66bc5'),)
2026-09-17 12:57:18 | INFO | sqlalchemy.engine.Engine | [cached since 805.5s ago] (UUID('b16846bd-112d-4d52-9145-7b66e8c66bc5'),)
2026-09-17 12:57:18,519 INFO sqlalchemy.engine.Engine SELECT dataset_usages.analysis_id AS dataset_usages_analysis_id, dataset_usages.id AS dataset_usages_id, dataset_usages.dataset_id AS dataset_usages_dataset_id, dataset_usages.variable AS dataset_usages_variable, dataset_usages.resolution AS dataset_usages_resolution, dataset_usages.date_range AS dataset_usages_date_range, dataset_usages.metadata AS dataset_usages_metadata, dataset_usages.created_at AS dataset_usages_created_at, dataset_usages.updated_at AS dataset_usages_updated_at 
FROM dataset_usages 
WHERE dataset_usages.analysis_id IN ($1::UUID)
2026-09-17 12:57:18 | INFO | sqlalchemy.engine.Engine | SELECT dataset_usages.analysis_id AS dataset_usages_analysis_id, dataset_usages.id AS dataset_usages_id, dataset_usages.dataset_id AS dataset_usages_dataset_id, dataset_usages.variable AS dataset_usages_variable, dataset_usages.resolution AS dataset_usages_resolution, dataset_usages.date_range AS dataset_usages_date_range, dataset_usages.metadata AS dataset_usages_metadata, dataset_usages.created_at AS dataset_usages_created_at, dataset_usages.updated_at AS dataset_usages_updated_at 
FROM dataset_usages 
WHERE dataset_usages.analysis_id IN ($1::UUID)
2026-09-17 12:57:18,520 INFO sqlalchemy.engine.Engine [cached since 805.5s ago] (UUID('b16846bd-112d-4d52-9145-7b66e8c66bc5'),)
2026-09-17 12:57:18 | INFO | sqlalchemy.engine.Engine | [cached since 805.5s ago] (UUID('b16846bd-112d-4d52-9145-7b66e8c66bc5'),)
2026-09-17 12:57:18,525 INFO sqlalchemy.engine.Engine SELECT dataset_usages.analysis_id AS dataset_usages_analysis_id, dataset_usages.id AS dataset_usages_id, dataset_usages.dataset_id AS dataset_usages_dataset_id, dataset_usages.variable AS dataset_usages_variable, dataset_usages.resolution AS dataset_usages_resolution, dataset_usages.date_range AS dataset_usages_date_range, dataset_usages.metadata AS dataset_usages_metadata, dataset_usages.created_at AS dataset_usages_created_at, dataset_usages.updated_at AS dataset_usages_updated_at 
FROM dataset_usages 
WHERE dataset_usages.analysis_id IN ($1::UUID)
2026-09-17 12:57:18 | INFO | sqlalchemy.engine.Engine | SELECT dataset_usages.analysis_id AS dataset_usages_analysis_id, dataset_usages.id AS dataset_usages_id, dataset_usages.dataset_id AS dataset_usages_dataset_id, dataset_usages.variable AS dataset_usages_variable, dataset_usages.resolution AS dataset_usages_resolution, dataset_usages.date_range AS dataset_usages_date_range, dataset_usages.metadata AS dataset_usages_metadata, dataset_usages.created_at AS dataset_usages_created_at, dataset_usages.updated_at AS dataset_usages_updated_at 
FROM dataset_usages 
WHERE dataset_usages.analysis_id IN ($1::UUID)
2026-09-17 12:57:18,526 INFO sqlalchemy.engine.Engine [cached since 805.5s ago] (UUID('b16846bd-112d-4d52-9145-7b66e8c66bc5'),)
2026-09-17 12:57:18 | INFO | sqlalchemy.engine.Engine | [cached since 805.5s ago] (UUID('b16846bd-112d-4d52-9145-7b66e8c66bc5'),)
2026-09-17 12:57:18,530 INFO sqlalchemy.engine.Engine SELECT timeseries.analysis_id AS timeseries_analysis_id, timeseries.id AS timeseries_id, timeseries.date AS timeseries_date, timeseries.variable AS timeseries_variable, timeseries.value AS timeseries_value, timeseries.metadata AS timeseries_metadata, timeseries.created_at AS timeseries_created_at, timeseries.updated_at AS timeseries_updated_at 
FROM timeseries 
WHERE timeseries.analysis_id IN ($1::UUID)
2026-09-17 12:57:18 | INFO | sqlalchemy.engine.Engine | SELECT timeseries.analysis_id AS timeseries_analysis_id, timeseries.id AS timeseries_id, timeseries.date AS timeseries_date, timeseries.variable AS timeseries_variable, timeseries.value AS timeseries_value, timeseries.metadata AS timeseries_metadata, timeseries.created_at AS timeseries_created_at, timeseries.updated_at AS timeseries_updated_at 
FROM timeseries 
WHERE timeseries.analysis_id IN ($1::UUID)
2026-09-17 12:57:18,531 INFO sqlalchemy.engine.Engine [cached since 805.5s ago] (UUID('b16846bd-112d-4d52-9145-7b66e8c66bc5'),)
2026-09-17 12:57:18 | INFO | sqlalchemy.engine.Engine | [cached since 805.5s ago] (UUID('b16846bd-112d-4d52-9145-7b66e8c66bc5'),)
2026-09-17 12:57:18,539 INFO sqlalchemy.engine.Engine SELECT timeseries.analysis_id AS timeseries_analysis_id, timeseries.id AS timeseries_id, timeseries.date AS timeseries_date, timeseries.variable AS timeseries_variable, timeseries.value AS timeseries_value, timeseries.metadata AS timeseries_metadata, timeseries.created_at AS timeseries_created_at, timeseries.updated_at AS timeseries_updated_at 
FROM timeseries 
WHERE timeseries.analysis_id IN ($1::UUID)
2026-09-17 12:57:18 | INFO | sqlalchemy.engine.Engine | SELECT timeseries.analysis_id AS timeseries_analysis_id, timeseries.id AS timeseries_id, timeseries.date AS timeseries_date, timeseries.variable AS timeseries_variable, timeseries.value AS timeseries_value, timeseries.metadata AS timeseries_metadata, timeseries.created_at AS timeseries_created_at, timeseries.updated_at AS timeseries_updated_at 
FROM timeseries 
WHERE timeseries.analysis_id IN ($1::UUID)
2026-09-17 12:57:18,543 INFO sqlalchemy.engine.Engine [cached since 805.5s ago] (UUID('b16846bd-112d-4d52-9145-7b66e8c66bc5'),)
2026-09-17 12:57:18 | INFO | sqlalchemy.engine.Engine | [cached since 805.5s ago] (UUID('b16846bd-112d-4d52-9145-7b66e8c66bc5'),)
2026-09-17 12:57:18,547 INFO sqlalchemy.engine.Engine SELECT reports.analysis_id AS reports_analysis_id, reports.id AS reports_id, reports.file_path AS reports_file_path, reports.report_type AS reports_report_type, reports.created_at AS reports_created_at, reports.updated_at AS reports_updated_at 
FROM reports 
WHERE reports.analysis_id IN ($1::UUID)
2026-09-17 12:57:18 | INFO | sqlalchemy.engine.Engine | SELECT reports.analysis_id AS reports_analysis_id, reports.id AS reports_id, reports.file_path AS reports_file_path, reports.report_type AS reports_report_type, reports.created_at AS reports_created_at, reports.updated_at AS reports_updated_at 
FROM reports 
WHERE reports.analysis_id IN ($1::UUID)
2026-09-17 12:57:18,547 INFO sqlalchemy.engine.Engine [cached since 805.5s ago] (UUID('b16846bd-112d-4d52-9145-7b66e8c66bc5'),)
2026-09-17 12:57:18 | INFO | sqlalchemy.engine.Engine | [cached since 805.5s ago] (UUID('b16846bd-112d-4d52-9145-7b66e8c66bc5'),)
2026-09-17 12:57:18,551 INFO sqlalchemy.engine.Engine SELECT reports.analysis_id AS reports_analysis_id, reports.id AS reports_id, reports.file_path AS reports_file_path, reports.report_type AS reports_report_type, reports.created_at AS reports_created_at, reports.updated_at AS reports_updated_at 
FROM reports 
WHERE reports.analysis_id IN ($1::UUID)
2026-09-17 12:57:18 | INFO | sqlalchemy.engine.Engine | SELECT reports.analysis_id AS reports_analysis_id, reports.id AS reports_id, reports.file_path AS reports_file_path, reports.report_type AS reports_report_type, reports.created_at AS reports_created_at, reports.updated_at AS reports_updated_at 
FROM reports 
WHERE reports.analysis_id IN ($1::UUID)
2026-09-17 12:57:18,552 INFO sqlalchemy.engine.Engine [cached since 805.5s ago] (UUID('b16846bd-112d-4d52-9145-7b66e8c66bc5'),)
2026-09-17 12:57:18 | INFO | sqlalchemy.engine.Engine | [cached since 805.5s ago] (UUID('b16846bd-112d-4d52-9145-7b66e8c66bc5'),)
2026-09-17 12:57:18,556 INFO sqlalchemy.engine.Engine SELECT locations.id AS locations_id, locations.name AS locations_name, locations.geometry AS locations_geometry, locations.latitude AS locations_latitude, locations.longitude AS locations_longitude, locations.area_sq_meters AS locations_area_sq_meters, locations.centroid_lat AS locations_centroid_lat, locations.centroid_lng AS locations_centroid_lng, locations.geometry_type AS locations_geometry_type, locations.created_at AS locations_created_at, locations.updated_at AS locations_updated_at 
FROM locations 
WHERE locations.id IN ($1::UUID)
2026-09-17 12:57:18 | INFO | sqlalchemy.engine.Engine | SELECT locations.id AS locations_id, locations.name AS locations_name, locations.geometry AS locations_geometry, locations.latitude AS locations_latitude, locations.longitude AS locations_longitude, locations.area_sq_meters AS locations_area_sq_meters, locations.centroid_lat AS locations_centroid_lat, locations.centroid_lng AS locations_centroid_lng, locations.geometry_type AS locations_geometry_type, locations.created_at AS locations_created_at, locations.updated_at AS locations_updated_at 
FROM locations 
WHERE locations.id IN ($1::UUID)
2026-09-17 12:57:18,557 INFO sqlalchemy.engine.Engine [cached since 805.5s ago] (UUID('997583d9-2fad-4986-9ea1-eb2c156b5019'),)
2026-09-17 12:57:18 | INFO | sqlalchemy.engine.Engine | [cached since 805.5s ago] (UUID('997583d9-2fad-4986-9ea1-eb2c156b5019'),)
2026-09-17 12:57:18,561 INFO sqlalchemy.engine.Engine SELECT locations.id AS locations_id, locations.name AS locations_name, locations.geometry AS locations_geometry, locations.latitude AS locations_latitude, locations.longitude AS locations_longitude, locations.area_sq_meters AS locations_area_sq_meters, locations.centroid_lat AS locations_centroid_lat, locations.centroid_lng AS locations_centroid_lng, locations.geometry_type AS locations_geometry_type, locations.created_at AS locations_created_at, locations.updated_at AS locations_updated_at 
FROM locations 
WHERE locations.id IN ($1::UUID)
2026-09-17 12:57:18 | INFO | sqlalchemy.engine.Engine | SELECT locations.id AS locations_id, locations.name AS locations_name, locations.geometry AS locations_geometry, locations.latitude AS locations_latitude, locations.longitude AS locations_longitude, locations.area_sq_meters AS locations_area_sq_meters, locations.centroid_lat AS locations_centroid_lat, locations.centroid_lng AS locations_centroid_lng, locations.geometry_type AS locations_geometry_type, locations.created_at AS locations_created_at, locations.updated_at AS locations_updated_at 
FROM locations 
WHERE locations.id IN ($1::UUID)
2026-09-17 12:57:18,562 INFO sqlalchemy.engine.Engine [cached since 805.5s ago] (UUID('997583d9-2fad-4986-9ea1-eb2c156b5019'),)
2026-09-17 12:57:18 | INFO | sqlalchemy.engine.Engine | [cached since 805.5s ago] (UUID('997583d9-2fad-4986-9ea1-eb2c156b5019'),)
2026-09-17 12:57:18,565 INFO sqlalchemy.engine.Engine SELECT timeseries.id, timeseries.analysis_id, timeseries.date, timeseries.variable, timeseries.value, timeseries.metadata, timeseries.created_at, timeseries.updated_at 
FROM timeseries 
WHERE timeseries.analysis_id = $1::UUID ORDER BY timeseries.date
2026-09-17 12:57:18 | INFO | sqlalchemy.engine.Engine | SELECT timeseries.id, timeseries.analysis_id, timeseries.date, timeseries.variable, timeseries.value, timeseries.metadata, timeseries.created_at, timeseries.updated_at 
FROM timeseries 
WHERE timeseries.analysis_id = $1::UUID ORDER BY timeseries.date
2026-09-17 12:57:18,566 INFO sqlalchemy.engine.Engine [cached since 805s ago] (UUID('b16846bd-112d-4d52-9145-7b66e8c66bc5'),)
2026-09-17 12:57:18 | INFO | sqlalchemy.engine.Engine | [cached since 805s ago] (UUID('b16846bd-112d-4d52-9145-7b66e8c66bc5'),)
2026-09-17 12:57:18,570 INFO sqlalchemy.engine.Engine ROLLBACK
2026-09-17 12:57:18 | INFO | sqlalchemy.engine.Engine | ROLLBACK
2026-09-17 12:57:18,579 INFO sqlalchemy.engine.Engine COMMIT
2026-09-17 12:57:18 | INFO | sqlalchemy.engine.Engine | COMMIT
INFO:     127.0.0.1:62356 - "GET /api/v1/analyses/b16846bd-112d-4d52-9145-7b66e8c66bc5/maps HTTP/1.1" 400 Bad Request
INFO:     127.0.0.1:62357 - "GET /api/v1/analyses/b16846bd-112d-4d52-9145-7b66e8c66bc5/timeseries HTTP/1.1" 200 OK
2026-09-18 11:34:10,636 INFO sqlalchemy.engine.Engine BEGIN (implicit)
2026-09-18 11:34:10 | INFO | sqlalchemy.engine.Engine | BEGIN (implicit)
2026-09-18 11:34:10,706 INFO sqlalchemy.engine.Engine SELECT analyses.id, analyses.location_id, analyses.start_date, analyses.end_date, analyses.analysis_type, analyses.temporal_resolution, analyses.status, analyses.error_message, analyses.completed_at, analyses.result_data, analyses.created_at, analyses.updated_at 
FROM analyses ORDER BY analyses.created_at DESC 
 LIMIT $1::INTEGER OFFSET $2::INTEGER
2026-09-18 11:34:10 | INFO | sqlalchemy.engine.Engine | SELECT analyses.id, analyses.location_id, analyses.start_date, analyses.end_date, analyses.analysis_type, analyses.temporal_resolution, analyses.status, analyses.error_message, analyses.completed_at, analyses.result_data, analyses.created_at, analyses.updated_at 
FROM analyses ORDER BY analyses.created_at DESC 
 LIMIT $1::INTEGER OFFSET $2::INTEGER
2026-09-18 11:34:10,717 INFO sqlalchemy.engine.Engine [cached since 4.346e+05s ago] (10, 0)
2026-09-18 11:34:10 | INFO | sqlalchemy.engine.Engine | [cached since 4.346e+05s ago] (10, 0)
2026-09-18 11:34:12,585 INFO sqlalchemy.engine.Engine SELECT dataset_usages.analysis_id AS dataset_usages_analysis_id, dataset_usages.id AS dataset_usages_id, dataset_usages.dataset_id AS dataset_usages_dataset_id, dataset_usages.variable AS dataset_usages_variable, dataset_usages.resolution AS dataset_usages_resolution, dataset_usages.date_range AS dataset_usages_date_range, dataset_usages.metadata AS dataset_usages_metadata, dataset_usages.created_at AS dataset_usages_created_at, dataset_usages.updated_at AS dataset_usages_updated_at 
FROM dataset_usages 
WHERE dataset_usages.analysis_id IN ($1::UUID, $2::UUID, $3::UUID, $4::UUID, $5::UUID)
2026-09-18 11:34:12 | INFO | sqlalchemy.engine.Engine | SELECT dataset_usages.analysis_id AS dataset_usages_analysis_id, dataset_usages.id AS dataset_usages_id, dataset_usages.dataset_id AS dataset_usages_dataset_id, dataset_usages.variable AS dataset_usages_variable, dataset_usages.resolution AS dataset_usages_resolution, dataset_usages.date_range AS dataset_usages_date_range, dataset_usages.metadata AS dataset_usages_metadata, dataset_usages.created_at AS dataset_usages_created_at, dataset_usages.updated_at AS dataset_usages_updated_at 
FROM dataset_usages 
WHERE dataset_usages.analysis_id IN ($1::UUID, $2::UUID, $3::UUID, $4::UUID, $5::UUID)
2026-09-18 11:34:12,614 INFO sqlalchemy.engine.Engine [cached since 8.224e+04s ago] (UUID('b16846bd-112d-4d52-9145-7b66e8c66bc5'), UUID('b65e0791-8a8f-4deb-a681-1aa61db74b7c'), UUID('2c69a417-2369-437c-8a20-6b561061ef93'), UUID('6185a2a7-769d-4653-b132-1d2093617b39'), UUID('3e311bc6-ffd1-4786-b21b-ef2b0c5ca196'))
2026-09-18 11:34:12 | INFO | sqlalchemy.engine.Engine | [cached since 8.224e+04s ago] (UUID('b16846bd-112d-4d52-9145-7b66e8c66bc5'), UUID('b65e0791-8a8f-4deb-a681-1aa61db74b7c'), UUID('2c69a417-2369-437c-8a20-6b561061ef93'), UUID('6185a2a7-769d-4653-b132-1d2093617b39'), UUID('3e311bc6-ffd1-4786-b21b-ef2b0c5ca196'))
2026-09-18 11:34:13 | WARNING | googleapiclient.http | Invalid JSON content from response: b'<!DOCTYPE html>\n<html lang=en>\n  <meta charset=utf-8>\n  <meta name=viewport content="initial-scale=1, minimum-scale=1, width=device-width">\n  <title>Error 403 (Forbidden)!!1</title>\n  <style>\n    *{margin:0;padding:0}html,code{font:15px/22px arial,sans-serif}html{background:#fff;color:#222;padding:15px}body{margin:7% auto 0;max-width:390px;min-height:180px;padding:30px 0 15px}* > body{background:url(//www.google.com/images/errors/robot.png) 100% 5px no-repeat;padding-right:205px}p{margin:11px 0 22px;overflow:hidden}ins{color:#777;text-decoration:none}a img{border:0}@media screen and (max-width:772px){body{background:none;margin-top:0;max-width:none;padding-right:0}}#logo{background:url(//www.google.com/images/branding/googlelogo/1x/googlelogo_color_150x54dp.png) no-repeat;margin-left:-5px}@media only screen and (min-resolution:192dpi){#logo{background:url(//www.google.com/images/branding/googlelogo/2x/googlelogo_color_150x54dp.png) no-repeat 0% 0%/100% 100%;-moz-border-image:url(//www.google.com/images/branding/googlelogo/2x/googlelogo_color_150x54dp.png) 0}}@media only screen and (-webkit-min-device-pixel-ratio:2){#logo{background:url(//www.google.com/images/branding/googlelogo/2x/googlelogo_color_150x54dp.png) no-repeat;-webkit-background-size:100% 100%}}#logo{display:inline-block;height:54px;width:150px}\n  </style>\n  <a href=//www.google.com/><span id=logo aria-label=Google></span></a>\n  <p><b>403.</b> <ins>That\xe2\x80\x99s an error.</ins>\n  <p>Your client does not have permission to get URL <code>/v1/projects/proverbial-will-507706-e1/value:compute</code> from this server.  <ins>That\xe2\x80\x99s all we know.</ins>\n'
2026-09-18 11:34:13 | ERROR | app.services.earth_engine.authentication | Earth Engine connection check failed: Ok
INFO:     127.0.0.1:63877 - "GET /api/v1/health/earth-engine HTTP/1.1" 200 OK
2026-09-18 11:34:13,843 INFO sqlalchemy.engine.Engine SELECT timeseries.analysis_id AS timeseries_analysis_id, timeseries.id AS timeseries_id, timeseries.date AS timeseries_date, timeseries.variable AS timeseries_variable, timeseries.value AS timeseries_value, timeseries.metadata AS timeseries_metadata, timeseries.created_at AS timeseries_created_at, timeseries.updated_at AS timeseries_updated_at 
FROM timeseries 
WHERE timeseries.analysis_id IN ($1::UUID, $2::UUID, $3::UUID, $4::UUID, $5::UUID)
2026-09-18 11:34:13 | INFO | sqlalchemy.engine.Engine | SELECT timeseries.analysis_id AS timeseries_analysis_id, timeseries.id AS timeseries_id, timeseries.date AS timeseries_date, timeseries.variable AS timeseries_variable, timeseries.value AS timeseries_value, timeseries.metadata AS timeseries_metadata, timeseries.created_at AS timeseries_created_at, timeseries.updated_at AS timeseries_updated_at 
FROM timeseries 
WHERE timeseries.analysis_id IN ($1::UUID, $2::UUID, $3::UUID, $4::UUID, $5::UUID)
2026-09-18 11:34:13,844 INFO sqlalchemy.engine.Engine [cached since 8.224e+04s ago] (UUID('b16846bd-112d-4d52-9145-7b66e8c66bc5'), UUID('b65e0791-8a8f-4deb-a681-1aa61db74b7c'), UUID('2c69a417-2369-437c-8a20-6b561061ef93'), UUID('6185a2a7-769d-4653-b132-1d2093617b39'), UUID('3e311bc6-ffd1-4786-b21b-ef2b0c5ca196'))
2026-09-18 11:34:13 | INFO | sqlalchemy.engine.Engine | [cached since 8.224e+04s ago] (UUID('b16846bd-112d-4d52-9145-7b66e8c66bc5'), UUID('b65e0791-8a8f-4deb-a681-1aa61db74b7c'), UUID('2c69a417-2369-437c-8a20-6b561061ef93'), UUID('6185a2a7-769d-4653-b132-1d2093617b39'), UUID('3e311bc6-ffd1-4786-b21b-ef2b0c5ca196'))
2026-09-18 11:34:13 | WARNING | googleapiclient.http | Invalid JSON content from response: b'<!DOCTYPE html>\n<html lang=en>\n  <meta charset=utf-8>\n  <meta name=viewport content="initial-scale=1, minimum-scale=1, width=device-width">\n  <title>Error 403 (Forbidden)!!1</title>\n  <style>\n    *{margin:0;padding:0}html,code{font:15px/22px arial,sans-serif}html{background:#fff;color:#222;padding:15px}body{margin:7% auto 0;max-width:390px;min-height:180px;padding:30px 0 15px}* > body{background:url(//www.google.com/images/errors/robot.png) 100% 5px no-repeat;padding-right:205px}p{margin:11px 0 22px;overflow:hidden}ins{color:#777;text-decoration:none}a img{border:0}@media screen and (max-width:772px){body{background:none;margin-top:0;max-width:none;padding-right:0}}#logo{background:url(//www.google.com/images/branding/googlelogo/1x/googlelogo_color_150x54dp.png) no-repeat;margin-left:-5px}@media only screen and (min-resolution:192dpi){#logo{background:url(//www.google.com/images/branding/googlelogo/2x/googlelogo_color_150x54dp.png) no-repeat 0% 0%/100% 100%;-moz-border-image:url(//www.google.com/images/branding/googlelogo/2x/googlelogo_color_150x54dp.png) 0}}@media only screen and (-webkit-min-device-pixel-ratio:2){#logo{background:url(//www.google.com/images/branding/googlelogo/2x/googlelogo_color_150x54dp.png) no-repeat;-webkit-background-size:100% 100%}}#logo{display:inline-block;height:54px;width:150px}\n  </style>\n  <a href=//www.google.com/><span id=logo aria-label=Google></span></a>\n  <p><b>403.</b> <ins>That\xe2\x80\x99s an error.</ins>\n  <p>Your client does not have permission to get URL <code>/v1/projects/proverbial-will-507706-e1/value:compute</code> from this server.  <ins>That\xe2\x80\x99s all we know.</ins>\n'
2026-09-18 11:34:13 | ERROR | app.services.earth_engine.authentication | Earth Engine connection check failed: Ok
INFO:     127.0.0.1:63892 - "GET /api/v1/health/earth-engine HTTP/1.1" 200 OK
2026-09-18 11:34:13,975 INFO sqlalchemy.engine.Engine SELECT reports.analysis_id AS reports_analysis_id, reports.id AS reports_id, reports.file_path AS reports_file_path, reports.report_type AS reports_report_type, reports.created_at AS reports_created_at, reports.updated_at AS reports_updated_at 
FROM reports 
WHERE reports.analysis_id IN ($1::UUID, $2::UUID, $3::UUID, $4::UUID, $5::UUID)
2026-09-18 11:34:13 | INFO | sqlalchemy.engine.Engine | SELECT reports.analysis_id AS reports_analysis_id, reports.id AS reports_id, reports.file_path AS reports_file_path, reports.report_type AS reports_report_type, reports.created_at AS reports_created_at, reports.updated_at AS reports_updated_at 
FROM reports 
WHERE reports.analysis_id IN ($1::UUID, $2::UUID, $3::UUID, $4::UUID, $5::UUID)
2026-09-18 11:34:13,976 INFO sqlalchemy.engine.Engine [cached since 8.224e+04s ago] (UUID('b16846bd-112d-4d52-9145-7b66e8c66bc5'), UUID('b65e0791-8a8f-4deb-a681-1aa61db74b7c'), UUID('2c69a417-2369-437c-8a20-6b561061ef93'), UUID('6185a2a7-769d-4653-b132-1d2093617b39'), UUID('3e311bc6-ffd1-4786-b21b-ef2b0c5ca196'))
2026-09-18 11:34:13 | INFO | sqlalchemy.engine.Engine | [cached since 8.224e+04s ago] (UUID('b16846bd-112d-4d52-9145-7b66e8c66bc5'), UUID('b65e0791-8a8f-4deb-a681-1aa61db74b7c'), UUID('2c69a417-2369-437c-8a20-6b561061ef93'), UUID('6185a2a7-769d-4653-b132-1d2093617b39'), UUID('3e311bc6-ffd1-4786-b21b-ef2b0c5ca196'))
2026-09-18 11:34:14,065 INFO sqlalchemy.engine.Engine SELECT locations.id AS locations_id, locations.name AS locations_name, locations.geometry AS locations_geometry, locations.latitude AS locations_latitude, locations.longitude AS locations_longitude, locations.area_sq_meters AS locations_area_sq_meters, locations.centroid_lat AS locations_centroid_lat, locations.centroid_lng AS locations_centroid_lng, locations.geometry_type AS locations_geometry_type, locations.created_at AS locations_created_at, locations.updated_at AS locations_updated_at 
FROM locations 
WHERE locations.id IN ($1::UUID, $2::UUID, $3::UUID, $4::UUID, $5::UUID)
2026-09-18 11:34:14 | INFO | sqlalchemy.engine.Engine | SELECT locations.id AS locations_id, locations.name AS locations_name, locations.geometry AS locations_geometry, locations.latitude AS locations_latitude, locations.longitude AS locations_longitude, locations.area_sq_meters AS locations_area_sq_meters, locations.centroid_lat AS locations_centroid_lat, locations.centroid_lng AS locations_centroid_lng, locations.geometry_type AS locations_geometry_type, locations.created_at AS locations_created_at, locations.updated_at AS locations_updated_at 
FROM locations 
WHERE locations.id IN ($1::UUID, $2::UUID, $3::UUID, $4::UUID, $5::UUID)
2026-09-18 11:34:14,067 INFO sqlalchemy.engine.Engine [cached since 8.224e+04s ago] (UUID('67be24ba-12b2-482c-a3c9-0e9ac2aec6be'), UUID('992651f0-8b5e-4e02-9cc4-10971e821a31'), UUID('997583d9-2fad-4986-9ea1-eb2c156b5019'), UUID('e08640bc-abc9-4f27-a1ce-ab0bfc61dddd'), UUID('fcf6af3e-ece4-4110-a7fc-cf690c438055'))
2026-09-18 11:34:14 | INFO | sqlalchemy.engine.Engine | [cached since 8.224e+04s ago] (UUID('67be24ba-12b2-482c-a3c9-0e9ac2aec6be'), UUID('992651f0-8b5e-4e02-9cc4-10971e821a31'), UUID('997583d9-2fad-4986-9ea1-eb2c156b5019'), UUID('e08640bc-abc9-4f27-a1ce-ab0bfc61dddd'), UUID('fcf6af3e-ece4-4110-a7fc-cf690c438055'))
2026-09-18 11:34:14,243 INFO sqlalchemy.engine.Engine COMMIT
2026-09-18 11:34:14 | INFO | sqlalchemy.engine.Engine | COMMIT
INFO:     127.0.0.1:63879 - "GET /api/v1/analyses?skip=0&limit=10 HTTP/1.1" 200 OK
2026-09-18 11:34:14,281 INFO sqlalchemy.engine.Engine BEGIN (implicit)
2026-09-18 11:34:14 | INFO | sqlalchemy.engine.Engine | BEGIN (implicit)
2026-09-18 11:34:14,282 INFO sqlalchemy.engine.Engine SELECT analyses.id, analyses.location_id, analyses.start_date, analyses.end_date, analyses.analysis_type, analyses.temporal_resolution, analyses.status, analyses.error_message, analyses.completed_at, analyses.result_data, analyses.created_at, analyses.updated_at 
FROM analyses ORDER BY analyses.created_at DESC 
 LIMIT $1::INTEGER OFFSET $2::INTEGER
2026-09-18 11:34:14 | INFO | sqlalchemy.engine.Engine | SELECT analyses.id, analyses.location_id, analyses.start_date, analyses.end_date, analyses.analysis_type, analyses.temporal_resolution, analyses.status, analyses.error_message, analyses.completed_at, analyses.result_data, analyses.created_at, analyses.updated_at 
FROM analyses ORDER BY analyses.created_at DESC 
 LIMIT $1::INTEGER OFFSET $2::INTEGER
2026-09-18 11:34:14,283 INFO sqlalchemy.engine.Engine [cached since 4.346e+05s ago] (10, 0)
2026-09-18 11:34:14 | INFO | sqlalchemy.engine.Engine | [cached since 4.346e+05s ago] (10, 0)
2026-09-18 11:34:14,292 INFO sqlalchemy.engine.Engine BEGIN (implicit)
2026-09-18 11:34:14 | INFO | sqlalchemy.engine.Engine | BEGIN (implicit)
2026-09-18 11:34:14,294 INFO sqlalchemy.engine.Engine SELECT analyses.id, analyses.location_id, analyses.start_date, analyses.end_date, analyses.analysis_type, analyses.temporal_resolution, analyses.status, analyses.error_message, analyses.completed_at, analyses.result_data, analyses.created_at, analyses.updated_at 
FROM analyses 
WHERE analyses.id = $1::UUID
2026-09-18 11:34:14 | INFO | sqlalchemy.engine.Engine | SELECT analyses.id, analyses.location_id, analyses.start_date, analyses.end_date, analyses.analysis_type, analyses.temporal_resolution, analyses.status, analyses.error_message, analyses.completed_at, analyses.result_data, analyses.created_at, analyses.updated_at 
FROM analyses 
WHERE analyses.id = $1::UUID
2026-09-18 11:34:14,295 INFO sqlalchemy.engine.Engine [cached since 8.225e+04s ago] (UUID('b65e0791-8a8f-4deb-a681-1aa61db74b7c'),)
2026-09-18 11:34:14 | INFO | sqlalchemy.engine.Engine | [cached since 8.225e+04s ago] (UUID('b65e0791-8a8f-4deb-a681-1aa61db74b7c'),)
2026-09-18 11:34:14,539 INFO sqlalchemy.engine.Engine SELECT dataset_usages.analysis_id AS dataset_usages_analysis_id, dataset_usages.id AS dataset_usages_id, dataset_usages.dataset_id AS dataset_usages_dataset_id, dataset_usages.variable AS dataset_usages_variable, dataset_usages.resolution AS dataset_usages_resolution, dataset_usages.date_range AS dataset_usages_date_range, dataset_usages.metadata AS dataset_usages_metadata, dataset_usages.created_at AS dataset_usages_created_at, dataset_usages.updated_at AS dataset_usages_updated_at 
FROM dataset_usages 
WHERE dataset_usages.analysis_id IN ($1::UUID)
2026-09-18 11:34:14 | INFO | sqlalchemy.engine.Engine | SELECT dataset_usages.analysis_id AS dataset_usages_analysis_id, dataset_usages.id AS dataset_usages_id, dataset_usages.dataset_id AS dataset_usages_dataset_id, dataset_usages.variable AS dataset_usages_variable, dataset_usages.resolution AS dataset_usages_resolution, dataset_usages.date_range AS dataset_usages_date_range, dataset_usages.metadata AS dataset_usages_metadata, dataset_usages.created_at AS dataset_usages_created_at, dataset_usages.updated_at AS dataset_usages_updated_at 
FROM dataset_usages 
WHERE dataset_usages.analysis_id IN ($1::UUID)
2026-09-18 11:34:14,540 INFO sqlalchemy.engine.Engine [cached since 8.225e+04s ago] (UUID('b65e0791-8a8f-4deb-a681-1aa61db74b7c'),)
2026-09-18 11:34:14 | INFO | sqlalchemy.engine.Engine | [cached since 8.225e+04s ago] (UUID('b65e0791-8a8f-4deb-a681-1aa61db74b7c'),)
2026-09-18 11:34:14,554 INFO sqlalchemy.engine.Engine SELECT timeseries.analysis_id AS timeseries_analysis_id, timeseries.id AS timeseries_id, timeseries.date AS timeseries_date, timeseries.variable AS timeseries_variable, timeseries.value AS timeseries_value, timeseries.metadata AS timeseries_metadata, timeseries.created_at AS timeseries_created_at, timeseries.updated_at AS timeseries_updated_at 
FROM timeseries 
WHERE timeseries.analysis_id IN ($1::UUID)
2026-09-18 11:34:14 | INFO | sqlalchemy.engine.Engine | SELECT timeseries.analysis_id AS timeseries_analysis_id, timeseries.id AS timeseries_id, timeseries.date AS timeseries_date, timeseries.variable AS timeseries_variable, timeseries.value AS timeseries_value, timeseries.metadata AS timeseries_metadata, timeseries.created_at AS timeseries_created_at, timeseries.updated_at AS timeseries_updated_at 
FROM timeseries 
WHERE timeseries.analysis_id IN ($1::UUID)
2026-09-18 11:34:14,554 INFO sqlalchemy.engine.Engine [cached since 8.225e+04s ago] (UUID('b65e0791-8a8f-4deb-a681-1aa61db74b7c'),)
2026-09-18 11:34:14 | INFO | sqlalchemy.engine.Engine | [cached since 8.225e+04s ago] (UUID('b65e0791-8a8f-4deb-a681-1aa61db74b7c'),)
2026-09-18 11:34:14,623 INFO sqlalchemy.engine.Engine SELECT reports.analysis_id AS reports_analysis_id, reports.id AS reports_id, reports.file_path AS reports_file_path, reports.report_type AS reports_report_type, reports.created_at AS reports_created_at, reports.updated_at AS reports_updated_at 
FROM reports 
WHERE reports.analysis_id IN ($1::UUID)
2026-09-18 11:34:14 | INFO | sqlalchemy.engine.Engine | SELECT reports.analysis_id AS reports_analysis_id, reports.id AS reports_id, reports.file_path AS reports_file_path, reports.report_type AS reports_report_type, reports.created_at AS reports_created_at, reports.updated_at AS reports_updated_at 
FROM reports 
WHERE reports.analysis_id IN ($1::UUID)
2026-09-18 11:34:14,626 INFO sqlalchemy.engine.Engine [cached since 8.225e+04s ago] (UUID('b65e0791-8a8f-4deb-a681-1aa61db74b7c'),)
2026-09-18 11:34:14 | INFO | sqlalchemy.engine.Engine | [cached since 8.225e+04s ago] (UUID('b65e0791-8a8f-4deb-a681-1aa61db74b7c'),)
2026-09-18 11:34:14,686 INFO sqlalchemy.engine.Engine SELECT locations.id AS locations_id, locations.name AS locations_name, locations.geometry AS locations_geometry, locations.latitude AS locations_latitude, locations.longitude AS locations_longitude, locations.area_sq_meters AS locations_area_sq_meters, locations.centroid_lat AS locations_centroid_lat, locations.centroid_lng AS locations_centroid_lng, locations.geometry_type AS locations_geometry_type, locations.created_at AS locations_created_at, locations.updated_at AS locations_updated_at 
FROM locations 
WHERE locations.id IN ($1::UUID)
2026-09-18 11:34:14 | INFO | sqlalchemy.engine.Engine | SELECT locations.id AS locations_id, locations.name AS locations_name, locations.geometry AS locations_geometry, locations.latitude AS locations_latitude, locations.longitude AS locations_longitude, locations.area_sq_meters AS locations_area_sq_meters, locations.centroid_lat AS locations_centroid_lat, locations.centroid_lng AS locations_centroid_lng, locations.geometry_type AS locations_geometry_type, locations.created_at AS locations_created_at, locations.updated_at AS locations_updated_at 
FROM locations 
WHERE locations.id IN ($1::UUID)
2026-09-18 11:34:14,687 INFO sqlalchemy.engine.Engine [cached since 8.225e+04s ago] (UUID('e08640bc-abc9-4f27-a1ce-ab0bfc61dddd'),)
2026-09-18 11:34:14 | INFO | sqlalchemy.engine.Engine | [cached since 8.225e+04s ago] (UUID('e08640bc-abc9-4f27-a1ce-ab0bfc61dddd'),)
2026-09-18 11:34:14,722 INFO sqlalchemy.engine.Engine COMMIT
2026-09-18 11:34:14 | INFO | sqlalchemy.engine.Engine | COMMIT
INFO:     127.0.0.1:63898 - "GET /api/v1/analyses/b65e0791-8a8f-4deb-a681-1aa61db74b7c HTTP/1.1" 200 OK
2026-09-18 11:34:14,961 INFO sqlalchemy.engine.Engine SELECT dataset_usages.analysis_id AS dataset_usages_analysis_id, dataset_usages.id AS dataset_usages_id, dataset_usages.dataset_id AS dataset_usages_dataset_id, dataset_usages.variable AS dataset_usages_variable, dataset_usages.resolution AS dataset_usages_resolution, dataset_usages.date_range AS dataset_usages_date_range, dataset_usages.metadata AS dataset_usages_metadata, dataset_usages.created_at AS dataset_usages_created_at, dataset_usages.updated_at AS dataset_usages_updated_at 
FROM dataset_usages 
WHERE dataset_usages.analysis_id IN ($1::UUID, $2::UUID, $3::UUID, $4::UUID, $5::UUID)
2026-09-18 11:34:14 | INFO | sqlalchemy.engine.Engine | SELECT dataset_usages.analysis_id AS dataset_usages_analysis_id, dataset_usages.id AS dataset_usages_id, dataset_usages.dataset_id AS dataset_usages_dataset_id, dataset_usages.variable AS dataset_usages_variable, dataset_usages.resolution AS dataset_usages_resolution, dataset_usages.date_range AS dataset_usages_date_range, dataset_usages.metadata AS dataset_usages_metadata, dataset_usages.created_at AS dataset_usages_created_at, dataset_usages.updated_at AS dataset_usages_updated_at 
FROM dataset_usages 
WHERE dataset_usages.analysis_id IN ($1::UUID, $2::UUID, $3::UUID, $4::UUID, $5::UUID)
2026-09-18 11:34:14,963 INFO sqlalchemy.engine.Engine [cached since 8.225e+04s ago] (UUID('b16846bd-112d-4d52-9145-7b66e8c66bc5'), UUID('b65e0791-8a8f-4deb-a681-1aa61db74b7c'), UUID('2c69a417-2369-437c-8a20-6b561061ef93'), UUID('6185a2a7-769d-4653-b132-1d2093617b39'), UUID('3e311bc6-ffd1-4786-b21b-ef2b0c5ca196'))
2026-09-18 11:34:14 | INFO | sqlalchemy.engine.Engine | [cached since 8.225e+04s ago] (UUID('b16846bd-112d-4d52-9145-7b66e8c66bc5'), UUID('b65e0791-8a8f-4deb-a681-1aa61db74b7c'), UUID('2c69a417-2369-437c-8a20-6b561061ef93'), UUID('6185a2a7-769d-4653-b132-1d2093617b39'), UUID('3e311bc6-ffd1-4786-b21b-ef2b0c5ca196'))
2026-09-18 11:34:15,006 INFO sqlalchemy.engine.Engine SELECT timeseries.analysis_id AS timeseries_analysis_id, timeseries.id AS timeseries_id, timeseries.date AS timeseries_date, timeseries.variable AS timeseries_variable, timeseries.value AS timeseries_value, timeseries.metadata AS timeseries_metadata, timeseries.created_at AS timeseries_created_at, timeseries.updated_at AS timeseries_updated_at 
FROM timeseries 
WHERE timeseries.analysis_id IN ($1::UUID, $2::UUID, $3::UUID, $4::UUID, $5::UUID)
2026-09-18 11:34:15 | INFO | sqlalchemy.engine.Engine | SELECT timeseries.analysis_id AS timeseries_analysis_id, timeseries.id AS timeseries_id, timeseries.date AS timeseries_date, timeseries.variable AS timeseries_variable, timeseries.value AS timeseries_value, timeseries.metadata AS timeseries_metadata, timeseries.created_at AS timeseries_created_at, timeseries.updated_at AS timeseries_updated_at 
FROM timeseries 
WHERE timeseries.analysis_id IN ($1::UUID, $2::UUID, $3::UUID, $4::UUID, $5::UUID)
2026-09-18 11:34:15,007 INFO sqlalchemy.engine.Engine [cached since 8.225e+04s ago] (UUID('b16846bd-112d-4d52-9145-7b66e8c66bc5'), UUID('b65e0791-8a8f-4deb-a681-1aa61db74b7c'), UUID('2c69a417-2369-437c-8a20-6b561061ef93'), UUID('6185a2a7-769d-4653-b132-1d2093617b39'), UUID('3e311bc6-ffd1-4786-b21b-ef2b0c5ca196'))
2026-09-18 11:34:15 | INFO | sqlalchemy.engine.Engine | [cached since 8.225e+04s ago] (UUID('b16846bd-112d-4d52-9145-7b66e8c66bc5'), UUID('b65e0791-8a8f-4deb-a681-1aa61db74b7c'), UUID('2c69a417-2369-437c-8a20-6b561061ef93'), UUID('6185a2a7-769d-4653-b132-1d2093617b39'), UUID('3e311bc6-ffd1-4786-b21b-ef2b0c5ca196'))
2026-09-18 11:34:15,033 INFO sqlalchemy.engine.Engine SELECT reports.analysis_id AS reports_analysis_id, reports.id AS reports_id, reports.file_path AS reports_file_path, reports.report_type AS reports_report_type, reports.created_at AS reports_created_at, reports.updated_at AS reports_updated_at 
FROM reports 
WHERE reports.analysis_id IN ($1::UUID, $2::UUID, $3::UUID, $4::UUID, $5::UUID)
2026-09-18 11:34:15 | INFO | sqlalchemy.engine.Engine | SELECT reports.analysis_id AS reports_analysis_id, reports.id AS reports_id, reports.file_path AS reports_file_path, reports.report_type AS reports_report_type, reports.created_at AS reports_created_at, reports.updated_at AS reports_updated_at 
FROM reports 
WHERE reports.analysis_id IN ($1::UUID, $2::UUID, $3::UUID, $4::UUID, $5::UUID)
2026-09-18 11:34:15,034 INFO sqlalchemy.engine.Engine [cached since 8.225e+04s ago] (UUID('b16846bd-112d-4d52-9145-7b66e8c66bc5'), UUID('b65e0791-8a8f-4deb-a681-1aa61db74b7c'), UUID('2c69a417-2369-437c-8a20-6b561061ef93'), UUID('6185a2a7-769d-4653-b132-1d2093617b39'), UUID('3e311bc6-ffd1-4786-b21b-ef2b0c5ca196'))
2026-09-18 11:34:15 | INFO | sqlalchemy.engine.Engine | [cached since 8.225e+04s ago] (UUID('b16846bd-112d-4d52-9145-7b66e8c66bc5'), UUID('b65e0791-8a8f-4deb-a681-1aa61db74b7c'), UUID('2c69a417-2369-437c-8a20-6b561061ef93'), UUID('6185a2a7-769d-4653-b132-1d2093617b39'), UUID('3e311bc6-ffd1-4786-b21b-ef2b0c5ca196'))
2026-09-18 11:34:15,046 INFO sqlalchemy.engine.Engine SELECT locations.id AS locations_id, locations.name AS locations_name, locations.geometry AS locations_geometry, locations.latitude AS locations_latitude, locations.longitude AS locations_longitude, locations.area_sq_meters AS locations_area_sq_meters, locations.centroid_lat AS locations_centroid_lat, locations.centroid_lng AS locations_centroid_lng, locations.geometry_type AS locations_geometry_type, locations.created_at AS locations_created_at, locations.updated_at AS locations_updated_at 
FROM locations 
WHERE locations.id IN ($1::UUID, $2::UUID, $3::UUID, $4::UUID, $5::UUID)
2026-09-18 11:34:15 | INFO | sqlalchemy.engine.Engine | SELECT locations.id AS locations_id, locations.name AS locations_name, locations.geometry AS locations_geometry, locations.latitude AS locations_latitude, locations.longitude AS locations_longitude, locations.area_sq_meters AS locations_area_sq_meters, locations.centroid_lat AS locations_centroid_lat, locations.centroid_lng AS locations_centroid_lng, locations.geometry_type AS locations_geometry_type, locations.created_at AS locations_created_at, locations.updated_at AS locations_updated_at 
FROM locations 
WHERE locations.id IN ($1::UUID, $2::UUID, $3::UUID, $4::UUID, $5::UUID)
2026-09-18 11:34:15,047 INFO sqlalchemy.engine.Engine [cached since 8.225e+04s ago] (UUID('67be24ba-12b2-482c-a3c9-0e9ac2aec6be'), UUID('992651f0-8b5e-4e02-9cc4-10971e821a31'), UUID('997583d9-2fad-4986-9ea1-eb2c156b5019'), UUID('e08640bc-abc9-4f27-a1ce-ab0bfc61dddd'), UUID('fcf6af3e-ece4-4110-a7fc-cf690c438055'))
2026-09-18 11:34:15 | INFO | sqlalchemy.engine.Engine | [cached since 8.225e+04s ago] (UUID('67be24ba-12b2-482c-a3c9-0e9ac2aec6be'), UUID('992651f0-8b5e-4e02-9cc4-10971e821a31'), UUID('997583d9-2fad-4986-9ea1-eb2c156b5019'), UUID('e08640bc-abc9-4f27-a1ce-ab0bfc61dddd'), UUID('fcf6af3e-ece4-4110-a7fc-cf690c438055'))
2026-09-18 11:34:15,060 INFO sqlalchemy.engine.Engine COMMIT
2026-09-18 11:34:15 | INFO | sqlalchemy.engine.Engine | COMMIT
INFO:     127.0.0.1:63895 - "GET /api/v1/analyses?skip=0&limit=10 HTTP/1.1" 200 OK
2026-09-18 11:34:15,301 INFO sqlalchemy.engine.Engine BEGIN (implicit)
2026-09-18 11:34:15 | INFO | sqlalchemy.engine.Engine | BEGIN (implicit)
2026-09-18 11:34:15,303 INFO sqlalchemy.engine.Engine SELECT analyses.id, analyses.location_id, analyses.start_date, analyses.end_date, analyses.analysis_type, analyses.temporal_resolution, analyses.status, analyses.error_message, analyses.completed_at, analyses.result_data, analyses.created_at, analyses.updated_at 
FROM analyses 
WHERE analyses.id = $1::UUID
2026-09-18 11:34:15 | INFO | sqlalchemy.engine.Engine | SELECT analyses.id, analyses.location_id, analyses.start_date, analyses.end_date, analyses.analysis_type, analyses.temporal_resolution, analyses.status, analyses.error_message, analyses.completed_at, analyses.result_data, analyses.created_at, analyses.updated_at 
FROM analyses 
WHERE analyses.id = $1::UUID
2026-09-18 11:34:15,304 INFO sqlalchemy.engine.Engine [cached since 8.225e+04s ago] (UUID('b65e0791-8a8f-4deb-a681-1aa61db74b7c'),)
2026-09-18 11:34:15 | INFO | sqlalchemy.engine.Engine | [cached since 8.225e+04s ago] (UUID('b65e0791-8a8f-4deb-a681-1aa61db74b7c'),)
2026-09-18 11:34:15,312 INFO sqlalchemy.engine.Engine BEGIN (implicit)
2026-09-18 11:34:15 | INFO | sqlalchemy.engine.Engine | BEGIN (implicit)
2026-09-18 11:34:15,314 INFO sqlalchemy.engine.Engine SELECT analyses.id, analyses.location_id, analyses.start_date, analyses.end_date, analyses.analysis_type, analyses.temporal_resolution, analyses.status, analyses.error_message, analyses.completed_at, analyses.result_data, analyses.created_at, analyses.updated_at 
FROM analyses 
WHERE analyses.id = $1::UUID
2026-09-18 11:34:15 | INFO | sqlalchemy.engine.Engine | SELECT analyses.id, analyses.location_id, analyses.start_date, analyses.end_date, analyses.analysis_type, analyses.temporal_resolution, analyses.status, analyses.error_message, analyses.completed_at, analyses.result_data, analyses.created_at, analyses.updated_at 
FROM analyses 
WHERE analyses.id = $1::UUID
2026-09-18 11:34:15,315 INFO sqlalchemy.engine.Engine [cached since 8.225e+04s ago] (UUID('b65e0791-8a8f-4deb-a681-1aa61db74b7c'),)
2026-09-18 11:34:15 | INFO | sqlalchemy.engine.Engine | [cached since 8.225e+04s ago] (UUID('b65e0791-8a8f-4deb-a681-1aa61db74b7c'),)
2026-09-18 11:34:15,321 INFO sqlalchemy.engine.Engine SELECT dataset_usages.analysis_id AS dataset_usages_analysis_id, dataset_usages.id AS dataset_usages_id, dataset_usages.dataset_id AS dataset_usages_dataset_id, dataset_usages.variable AS dataset_usages_variable, dataset_usages.resolution AS dataset_usages_resolution, dataset_usages.date_range AS dataset_usages_date_range, dataset_usages.metadata AS dataset_usages_metadata, dataset_usages.created_at AS dataset_usages_created_at, dataset_usages.updated_at AS dataset_usages_updated_at 
FROM dataset_usages 
WHERE dataset_usages.analysis_id IN ($1::UUID)
2026-09-18 11:34:15 | INFO | sqlalchemy.engine.Engine | SELECT dataset_usages.analysis_id AS dataset_usages_analysis_id, dataset_usages.id AS dataset_usages_id, dataset_usages.dataset_id AS dataset_usages_dataset_id, dataset_usages.variable AS dataset_usages_variable, dataset_usages.resolution AS dataset_usages_resolution, dataset_usages.date_range AS dataset_usages_date_range, dataset_usages.metadata AS dataset_usages_metadata, dataset_usages.created_at AS dataset_usages_created_at, dataset_usages.updated_at AS dataset_usages_updated_at 
FROM dataset_usages 
WHERE dataset_usages.analysis_id IN ($1::UUID)
2026-09-18 11:34:15,322 INFO sqlalchemy.engine.Engine [cached since 8.225e+04s ago] (UUID('b65e0791-8a8f-4deb-a681-1aa61db74b7c'),)
2026-09-18 11:34:15 | INFO | sqlalchemy.engine.Engine | [cached since 8.225e+04s ago] (UUID('b65e0791-8a8f-4deb-a681-1aa61db74b7c'),)
2026-09-18 11:34:15,327 INFO sqlalchemy.engine.Engine SELECT timeseries.analysis_id AS timeseries_analysis_id, timeseries.id AS timeseries_id, timeseries.date AS timeseries_date, timeseries.variable AS timeseries_variable, timeseries.value AS timeseries_value, timeseries.metadata AS timeseries_metadata, timeseries.created_at AS timeseries_created_at, timeseries.updated_at AS timeseries_updated_at 
FROM timeseries 
WHERE timeseries.analysis_id IN ($1::UUID)
2026-09-18 11:34:15 | INFO | sqlalchemy.engine.Engine | SELECT timeseries.analysis_id AS timeseries_analysis_id, timeseries.id AS timeseries_id, timeseries.date AS timeseries_date, timeseries.variable AS timeseries_variable, timeseries.value AS timeseries_value, timeseries.metadata AS timeseries_metadata, timeseries.created_at AS timeseries_created_at, timeseries.updated_at AS timeseries_updated_at 
FROM timeseries 
WHERE timeseries.analysis_id IN ($1::UUID)
2026-09-18 11:34:15,328 INFO sqlalchemy.engine.Engine [cached since 8.225e+04s ago] (UUID('b65e0791-8a8f-4deb-a681-1aa61db74b7c'),)
2026-09-18 11:34:15 | INFO | sqlalchemy.engine.Engine | [cached since 8.225e+04s ago] (UUID('b65e0791-8a8f-4deb-a681-1aa61db74b7c'),)
2026-09-18 11:34:15,332 INFO sqlalchemy.engine.Engine SELECT dataset_usages.analysis_id AS dataset_usages_analysis_id, dataset_usages.id AS dataset_usages_id, dataset_usages.dataset_id AS dataset_usages_dataset_id, dataset_usages.variable AS dataset_usages_variable, dataset_usages.resolution AS dataset_usages_resolution, dataset_usages.date_range AS dataset_usages_date_range, dataset_usages.metadata AS dataset_usages_metadata, dataset_usages.created_at AS dataset_usages_created_at, dataset_usages.updated_at AS dataset_usages_updated_at 
FROM dataset_usages 
WHERE dataset_usages.analysis_id IN ($1::UUID)
2026-09-18 11:34:15 | INFO | sqlalchemy.engine.Engine | SELECT dataset_usages.analysis_id AS dataset_usages_analysis_id, dataset_usages.id AS dataset_usages_id, dataset_usages.dataset_id AS dataset_usages_dataset_id, dataset_usages.variable AS dataset_usages_variable, dataset_usages.resolution AS dataset_usages_resolution, dataset_usages.date_range AS dataset_usages_date_range, dataset_usages.metadata AS dataset_usages_metadata, dataset_usages.created_at AS dataset_usages_created_at, dataset_usages.updated_at AS dataset_usages_updated_at 
FROM dataset_usages 
WHERE dataset_usages.analysis_id IN ($1::UUID)
2026-09-18 11:34:15,333 INFO sqlalchemy.engine.Engine [cached since 8.225e+04s ago] (UUID('b65e0791-8a8f-4deb-a681-1aa61db74b7c'),)
2026-09-18 11:34:15 | INFO | sqlalchemy.engine.Engine | [cached since 8.225e+04s ago] (UUID('b65e0791-8a8f-4deb-a681-1aa61db74b7c'),)
2026-09-18 11:34:15,337 INFO sqlalchemy.engine.Engine SELECT reports.analysis_id AS reports_analysis_id, reports.id AS reports_id, reports.file_path AS reports_file_path, reports.report_type AS reports_report_type, reports.created_at AS reports_created_at, reports.updated_at AS reports_updated_at 
FROM reports 
WHERE reports.analysis_id IN ($1::UUID)
2026-09-18 11:34:15 | INFO | sqlalchemy.engine.Engine | SELECT reports.analysis_id AS reports_analysis_id, reports.id AS reports_id, reports.file_path AS reports_file_path, reports.report_type AS reports_report_type, reports.created_at AS reports_created_at, reports.updated_at AS reports_updated_at 
FROM reports 
WHERE reports.analysis_id IN ($1::UUID)
2026-09-18 11:34:15,338 INFO sqlalchemy.engine.Engine [cached since 8.225e+04s ago] (UUID('b65e0791-8a8f-4deb-a681-1aa61db74b7c'),)
2026-09-18 11:34:15 | INFO | sqlalchemy.engine.Engine | [cached since 8.225e+04s ago] (UUID('b65e0791-8a8f-4deb-a681-1aa61db74b7c'),)
2026-09-18 11:34:15,346 INFO sqlalchemy.engine.Engine SELECT locations.id AS locations_id, locations.name AS locations_name, locations.geometry AS locations_geometry, locations.latitude AS locations_latitude, locations.longitude AS locations_longitude, locations.area_sq_meters AS locations_area_sq_meters, locations.centroid_lat AS locations_centroid_lat, locations.centroid_lng AS locations_centroid_lng, locations.geometry_type AS locations_geometry_type, locations.created_at AS locations_created_at, locations.updated_at AS locations_updated_at 
FROM locations 
WHERE locations.id IN ($1::UUID)
2026-09-18 11:34:15 | INFO | sqlalchemy.engine.Engine | SELECT locations.id AS locations_id, locations.name AS locations_name, locations.geometry AS locations_geometry, locations.latitude AS locations_latitude, locations.longitude AS locations_longitude, locations.area_sq_meters AS locations_area_sq_meters, locations.centroid_lat AS locations_centroid_lat, locations.centroid_lng AS locations_centroid_lng, locations.geometry_type AS locations_geometry_type, locations.created_at AS locations_created_at, locations.updated_at AS locations_updated_at 
FROM locations 
WHERE locations.id IN ($1::UUID)
2026-09-18 11:34:15,347 INFO sqlalchemy.engine.Engine [cached since 8.225e+04s ago] (UUID('e08640bc-abc9-4f27-a1ce-ab0bfc61dddd'),)
2026-09-18 11:34:15 | INFO | sqlalchemy.engine.Engine | [cached since 8.225e+04s ago] (UUID('e08640bc-abc9-4f27-a1ce-ab0bfc61dddd'),)
2026-09-18 11:34:15,351 INFO sqlalchemy.engine.Engine SELECT timeseries.analysis_id AS timeseries_analysis_id, timeseries.id AS timeseries_id, timeseries.date AS timeseries_date, timeseries.variable AS timeseries_variable, timeseries.value AS timeseries_value, timeseries.metadata AS timeseries_metadata, timeseries.created_at AS timeseries_created_at, timeseries.updated_at AS timeseries_updated_at 
FROM timeseries 
WHERE timeseries.analysis_id IN ($1::UUID)
2026-09-18 11:34:15 | INFO | sqlalchemy.engine.Engine | SELECT timeseries.analysis_id AS timeseries_analysis_id, timeseries.id AS timeseries_id, timeseries.date AS timeseries_date, timeseries.variable AS timeseries_variable, timeseries.value AS timeseries_value, timeseries.metadata AS timeseries_metadata, timeseries.created_at AS timeseries_created_at, timeseries.updated_at AS timeseries_updated_at 
FROM timeseries 
WHERE timeseries.analysis_id IN ($1::UUID)
2026-09-18 11:34:15,352 INFO sqlalchemy.engine.Engine [cached since 8.225e+04s ago] (UUID('b65e0791-8a8f-4deb-a681-1aa61db74b7c'),)
2026-09-18 11:34:15 | INFO | sqlalchemy.engine.Engine | [cached since 8.225e+04s ago] (UUID('b65e0791-8a8f-4deb-a681-1aa61db74b7c'),)
2026-09-18 11:34:15,359 INFO sqlalchemy.engine.Engine SELECT analyses.id, analyses.location_id, analyses.start_date, analyses.end_date, analyses.analysis_type, analyses.temporal_resolution, analyses.status, analyses.error_message, analyses.completed_at, analyses.result_data, analyses.created_at, analyses.updated_at 
FROM analyses 
WHERE analyses.id = $1::UUID
2026-09-18 11:34:15 | INFO | sqlalchemy.engine.Engine | SELECT analyses.id, analyses.location_id, analyses.start_date, analyses.end_date, analyses.analysis_type, analyses.temporal_resolution, analyses.status, analyses.error_message, analyses.completed_at, analyses.result_data, analyses.created_at, analyses.updated_at 
FROM analyses 
WHERE analyses.id = $1::UUID
2026-09-18 11:34:15,360 INFO sqlalchemy.engine.Engine [cached since 8.225e+04s ago] (UUID('b65e0791-8a8f-4deb-a681-1aa61db74b7c'),)
2026-09-18 11:34:15 | INFO | sqlalchemy.engine.Engine | [cached since 8.225e+04s ago] (UUID('b65e0791-8a8f-4deb-a681-1aa61db74b7c'),)
2026-09-18 11:34:15,374 INFO sqlalchemy.engine.Engine SELECT dataset_usages.analysis_id AS dataset_usages_analysis_id, dataset_usages.id AS dataset_usages_id, dataset_usages.dataset_id AS dataset_usages_dataset_id, dataset_usages.variable AS dataset_usages_variable, dataset_usages.resolution AS dataset_usages_resolution, dataset_usages.date_range AS dataset_usages_date_range, dataset_usages.metadata AS dataset_usages_metadata, dataset_usages.created_at AS dataset_usages_created_at, dataset_usages.updated_at AS dataset_usages_updated_at 
FROM dataset_usages 
WHERE dataset_usages.analysis_id IN ($1::UUID)
2026-09-18 11:34:15 | INFO | sqlalchemy.engine.Engine | SELECT dataset_usages.analysis_id AS dataset_usages_analysis_id, dataset_usages.id AS dataset_usages_id, dataset_usages.dataset_id AS dataset_usages_dataset_id, dataset_usages.variable AS dataset_usages_variable, dataset_usages.resolution AS dataset_usages_resolution, dataset_usages.date_range AS dataset_usages_date_range, dataset_usages.metadata AS dataset_usages_metadata, dataset_usages.created_at AS dataset_usages_created_at, dataset_usages.updated_at AS dataset_usages_updated_at 
FROM dataset_usages 
WHERE dataset_usages.analysis_id IN ($1::UUID)
2026-09-18 11:34:15,374 INFO sqlalchemy.engine.Engine [cached since 8.225e+04s ago] (UUID('b65e0791-8a8f-4deb-a681-1aa61db74b7c'),)
2026-09-18 11:34:15 | INFO | sqlalchemy.engine.Engine | [cached since 8.225e+04s ago] (UUID('b65e0791-8a8f-4deb-a681-1aa61db74b7c'),)
2026-09-18 11:34:15,377 INFO sqlalchemy.engine.Engine SELECT reports.analysis_id AS reports_analysis_id, reports.id AS reports_id, reports.file_path AS reports_file_path, reports.report_type AS reports_report_type, reports.created_at AS reports_created_at, reports.updated_at AS reports_updated_at 
FROM reports 
WHERE reports.analysis_id IN ($1::UUID)
2026-09-18 11:34:15 | INFO | sqlalchemy.engine.Engine | SELECT reports.analysis_id AS reports_analysis_id, reports.id AS reports_id, reports.file_path AS reports_file_path, reports.report_type AS reports_report_type, reports.created_at AS reports_created_at, reports.updated_at AS reports_updated_at 
FROM reports 
WHERE reports.analysis_id IN ($1::UUID)
2026-09-18 11:34:15,379 INFO sqlalchemy.engine.Engine [cached since 8.225e+04s ago] (UUID('b65e0791-8a8f-4deb-a681-1aa61db74b7c'),)
2026-09-18 11:34:15 | INFO | sqlalchemy.engine.Engine | [cached since 8.225e+04s ago] (UUID('b65e0791-8a8f-4deb-a681-1aa61db74b7c'),)
2026-09-18 11:34:15,392 INFO sqlalchemy.engine.Engine SELECT timeseries.analysis_id AS timeseries_analysis_id, timeseries.id AS timeseries_id, timeseries.date AS timeseries_date, timeseries.variable AS timeseries_variable, timeseries.value AS timeseries_value, timeseries.metadata AS timeseries_metadata, timeseries.created_at AS timeseries_created_at, timeseries.updated_at AS timeseries_updated_at 
FROM timeseries 
WHERE timeseries.analysis_id IN ($1::UUID)
2026-09-18 11:34:15 | INFO | sqlalchemy.engine.Engine | SELECT timeseries.analysis_id AS timeseries_analysis_id, timeseries.id AS timeseries_id, timeseries.date AS timeseries_date, timeseries.variable AS timeseries_variable, timeseries.value AS timeseries_value, timeseries.metadata AS timeseries_metadata, timeseries.created_at AS timeseries_created_at, timeseries.updated_at AS timeseries_updated_at 
FROM timeseries 
WHERE timeseries.analysis_id IN ($1::UUID)
2026-09-18 11:34:15,392 INFO sqlalchemy.engine.Engine [cached since 8.225e+04s ago] (UUID('b65e0791-8a8f-4deb-a681-1aa61db74b7c'),)
2026-09-18 11:34:15 | INFO | sqlalchemy.engine.Engine | [cached since 8.225e+04s ago] (UUID('b65e0791-8a8f-4deb-a681-1aa61db74b7c'),)
2026-09-18 11:34:15,401 INFO sqlalchemy.engine.Engine SELECT reports.analysis_id AS reports_analysis_id, reports.id AS reports_id, reports.file_path AS reports_file_path, reports.report_type AS reports_report_type, reports.created_at AS reports_created_at, reports.updated_at AS reports_updated_at 
FROM reports 
WHERE reports.analysis_id IN ($1::UUID)
2026-09-18 11:34:15 | INFO | sqlalchemy.engine.Engine | SELECT reports.analysis_id AS reports_analysis_id, reports.id AS reports_id, reports.file_path AS reports_file_path, reports.report_type AS reports_report_type, reports.created_at AS reports_created_at, reports.updated_at AS reports_updated_at 
FROM reports 
WHERE reports.analysis_id IN ($1::UUID)
2026-09-18 11:34:15,403 INFO sqlalchemy.engine.Engine [cached since 8.225e+04s ago] (UUID('b65e0791-8a8f-4deb-a681-1aa61db74b7c'),)
2026-09-18 11:34:15 | INFO | sqlalchemy.engine.Engine | [cached since 8.225e+04s ago] (UUID('b65e0791-8a8f-4deb-a681-1aa61db74b7c'),)
2026-09-18 11:34:15,406 INFO sqlalchemy.engine.Engine SELECT locations.id AS locations_id, locations.name AS locations_name, locations.geometry AS locations_geometry, locations.latitude AS locations_latitude, locations.longitude AS locations_longitude, locations.area_sq_meters AS locations_area_sq_meters, locations.centroid_lat AS locations_centroid_lat, locations.centroid_lng AS locations_centroid_lng, locations.geometry_type AS locations_geometry_type, locations.created_at AS locations_created_at, locations.updated_at AS locations_updated_at 
FROM locations 
WHERE locations.id IN ($1::UUID)
2026-09-18 11:34:15 | INFO | sqlalchemy.engine.Engine | SELECT locations.id AS locations_id, locations.name AS locations_name, locations.geometry AS locations_geometry, locations.latitude AS locations_latitude, locations.longitude AS locations_longitude, locations.area_sq_meters AS locations_area_sq_meters, locations.centroid_lat AS locations_centroid_lat, locations.centroid_lng AS locations_centroid_lng, locations.geometry_type AS locations_geometry_type, locations.created_at AS locations_created_at, locations.updated_at AS locations_updated_at 
FROM locations 
WHERE locations.id IN ($1::UUID)
2026-09-18 11:34:15,407 INFO sqlalchemy.engine.Engine [cached since 8.225e+04s ago] (UUID('e08640bc-abc9-4f27-a1ce-ab0bfc61dddd'),)
2026-09-18 11:34:15 | INFO | sqlalchemy.engine.Engine | [cached since 8.225e+04s ago] (UUID('e08640bc-abc9-4f27-a1ce-ab0bfc61dddd'),)
2026-09-18 11:34:15,410 INFO sqlalchemy.engine.Engine SELECT locations.id AS locations_id, locations.name AS locations_name, locations.geometry AS locations_geometry, locations.latitude AS locations_latitude, locations.longitude AS locations_longitude, locations.area_sq_meters AS locations_area_sq_meters, locations.centroid_lat AS locations_centroid_lat, locations.centroid_lng AS locations_centroid_lng, locations.geometry_type AS locations_geometry_type, locations.created_at AS locations_created_at, locations.updated_at AS locations_updated_at 
FROM locations 
WHERE locations.id IN ($1::UUID)
2026-09-18 11:34:15 | INFO | sqlalchemy.engine.Engine | SELECT locations.id AS locations_id, locations.name AS locations_name, locations.geometry AS locations_geometry, locations.latitude AS locations_latitude, locations.longitude AS locations_longitude, locations.area_sq_meters AS locations_area_sq_meters, locations.centroid_lat AS locations_centroid_lat, locations.centroid_lng AS locations_centroid_lng, locations.geometry_type AS locations_geometry_type, locations.created_at AS locations_created_at, locations.updated_at AS locations_updated_at 
FROM locations 
WHERE locations.id IN ($1::UUID)
2026-09-18 11:34:15,412 INFO sqlalchemy.engine.Engine [cached since 8.225e+04s ago] (UUID('e08640bc-abc9-4f27-a1ce-ab0bfc61dddd'),)
2026-09-18 11:34:15 | INFO | sqlalchemy.engine.Engine | [cached since 8.225e+04s ago] (UUID('e08640bc-abc9-4f27-a1ce-ab0bfc61dddd'),)
2026-09-18 11:34:15,425 INFO sqlalchemy.engine.Engine COMMIT
2026-09-18 11:34:15 | INFO | sqlalchemy.engine.Engine | COMMIT
2026-09-18 11:34:15,432 INFO sqlalchemy.engine.Engine SELECT timeseries.id, timeseries.analysis_id, timeseries.date, timeseries.variable, timeseries.value, timeseries.metadata, timeseries.created_at, timeseries.updated_at 
FROM timeseries 
WHERE timeseries.analysis_id = $1::UUID ORDER BY timeseries.date
2026-09-18 11:34:15 | INFO | sqlalchemy.engine.Engine | SELECT timeseries.id, timeseries.analysis_id, timeseries.date, timeseries.variable, timeseries.value, timeseries.metadata, timeseries.created_at, timeseries.updated_at 
FROM timeseries 
WHERE timeseries.analysis_id = $1::UUID ORDER BY timeseries.date
2026-09-18 11:34:15,434 INFO sqlalchemy.engine.Engine [cached since 8.225e+04s ago] (UUID('b65e0791-8a8f-4deb-a681-1aa61db74b7c'),)
2026-09-18 11:34:15 | INFO | sqlalchemy.engine.Engine | [cached since 8.225e+04s ago] (UUID('b65e0791-8a8f-4deb-a681-1aa61db74b7c'),)
INFO:     127.0.0.1:63905 - "GET /api/v1/analyses/b65e0791-8a8f-4deb-a681-1aa61db74b7c/maps HTTP/1.1" 200 OK
2026-09-18 11:34:15,455 INFO sqlalchemy.engine.Engine COMMIT
2026-09-18 11:34:15 | INFO | sqlalchemy.engine.Engine | COMMIT
INFO:     127.0.0.1:63903 - "GET /api/v1/analyses/b65e0791-8a8f-4deb-a681-1aa61db74b7c/timeseries HTTP/1.1" 200 OK
2026-09-18 11:34:15,706 INFO sqlalchemy.engine.Engine BEGIN (implicit)
2026-09-18 11:34:15 | INFO | sqlalchemy.engine.Engine | BEGIN (implicit)
2026-09-18 11:34:15,707 INFO sqlalchemy.engine.Engine SELECT analyses.id, analyses.location_id, analyses.start_date, analyses.end_date, analyses.analysis_type, analyses.temporal_resolution, analyses.status, analyses.error_message, analyses.completed_at, analyses.result_data, analyses.created_at, analyses.updated_at 
FROM analyses 
WHERE analyses.id = $1::UUID
2026-09-18 11:34:15 | INFO | sqlalchemy.engine.Engine | SELECT analyses.id, analyses.location_id, analyses.start_date, analyses.end_date, analyses.analysis_type, analyses.temporal_resolution, analyses.status, analyses.error_message, analyses.completed_at, analyses.result_data, analyses.created_at, analyses.updated_at 
FROM analyses 
WHERE analyses.id = $1::UUID
2026-09-18 11:34:15,708 INFO sqlalchemy.engine.Engine [cached since 8.225e+04s ago] (UUID('b65e0791-8a8f-4deb-a681-1aa61db74b7c'),)
2026-09-18 11:34:15 | INFO | sqlalchemy.engine.Engine | [cached since 8.225e+04s ago] (UUID('b65e0791-8a8f-4deb-a681-1aa61db74b7c'),)
2026-09-18 11:34:15,723 INFO sqlalchemy.engine.Engine SELECT dataset_usages.analysis_id AS dataset_usages_analysis_id, dataset_usages.id AS dataset_usages_id, dataset_usages.dataset_id AS dataset_usages_dataset_id, dataset_usages.variable AS dataset_usages_variable, dataset_usages.resolution AS dataset_usages_resolution, dataset_usages.date_range AS dataset_usages_date_range, dataset_usages.metadata AS dataset_usages_metadata, dataset_usages.created_at AS dataset_usages_created_at, dataset_usages.updated_at AS dataset_usages_updated_at 
FROM dataset_usages 
WHERE dataset_usages.analysis_id IN ($1::UUID)
2026-09-18 11:34:15 | INFO | sqlalchemy.engine.Engine | SELECT dataset_usages.analysis_id AS dataset_usages_analysis_id, dataset_usages.id AS dataset_usages_id, dataset_usages.dataset_id AS dataset_usages_dataset_id, dataset_usages.variable AS dataset_usages_variable, dataset_usages.resolution AS dataset_usages_resolution, dataset_usages.date_range AS dataset_usages_date_range, dataset_usages.metadata AS dataset_usages_metadata, dataset_usages.created_at AS dataset_usages_created_at, dataset_usages.updated_at AS dataset_usages_updated_at 
FROM dataset_usages 
WHERE dataset_usages.analysis_id IN ($1::UUID)
2026-09-18 11:34:15,724 INFO sqlalchemy.engine.Engine [cached since 8.225e+04s ago] (UUID('b65e0791-8a8f-4deb-a681-1aa61db74b7c'),)
2026-09-18 11:34:15 | INFO | sqlalchemy.engine.Engine | [cached since 8.225e+04s ago] (UUID('b65e0791-8a8f-4deb-a681-1aa61db74b7c'),)
2026-09-18 11:34:15,731 INFO sqlalchemy.engine.Engine SELECT timeseries.analysis_id AS timeseries_analysis_id, timeseries.id AS timeseries_id, timeseries.date AS timeseries_date, timeseries.variable AS timeseries_variable, timeseries.value AS timeseries_value, timeseries.metadata AS timeseries_metadata, timeseries.created_at AS timeseries_created_at, timeseries.updated_at AS timeseries_updated_at 
FROM timeseries 
WHERE timeseries.analysis_id IN ($1::UUID)
2026-09-18 11:34:15 | INFO | sqlalchemy.engine.Engine | SELECT timeseries.analysis_id AS timeseries_analysis_id, timeseries.id AS timeseries_id, timeseries.date AS timeseries_date, timeseries.variable AS timeseries_variable, timeseries.value AS timeseries_value, timeseries.metadata AS timeseries_metadata, timeseries.created_at AS timeseries_created_at, timeseries.updated_at AS timeseries_updated_at 
FROM timeseries 
WHERE timeseries.analysis_id IN ($1::UUID)
2026-09-18 11:34:15,733 INFO sqlalchemy.engine.Engine [cached since 8.225e+04s ago] (UUID('b65e0791-8a8f-4deb-a681-1aa61db74b7c'),)
2026-09-18 11:34:15 | INFO | sqlalchemy.engine.Engine | [cached since 8.225e+04s ago] (UUID('b65e0791-8a8f-4deb-a681-1aa61db74b7c'),)
2026-09-18 11:34:15,741 INFO sqlalchemy.engine.Engine SELECT reports.analysis_id AS reports_analysis_id, reports.id AS reports_id, reports.file_path AS reports_file_path, reports.report_type AS reports_report_type, reports.created_at AS reports_created_at, reports.updated_at AS reports_updated_at 
FROM reports 
WHERE reports.analysis_id IN ($1::UUID)
2026-09-18 11:34:15 | INFO | sqlalchemy.engine.Engine | SELECT reports.analysis_id AS reports_analysis_id, reports.id AS reports_id, reports.file_path AS reports_file_path, reports.report_type AS reports_report_type, reports.created_at AS reports_created_at, reports.updated_at AS reports_updated_at 
FROM reports 
WHERE reports.analysis_id IN ($1::UUID)
2026-09-18 11:34:15,742 INFO sqlalchemy.engine.Engine [cached since 8.225e+04s ago] (UUID('b65e0791-8a8f-4deb-a681-1aa61db74b7c'),)
2026-09-18 11:34:15 | INFO | sqlalchemy.engine.Engine | [cached since 8.225e+04s ago] (UUID('b65e0791-8a8f-4deb-a681-1aa61db74b7c'),)
2026-09-18 11:34:15,763 INFO sqlalchemy.engine.Engine SELECT locations.id AS locations_id, locations.name AS locations_name, locations.geometry AS locations_geometry, locations.latitude AS locations_latitude, locations.longitude AS locations_longitude, locations.area_sq_meters AS locations_area_sq_meters, locations.centroid_lat AS locations_centroid_lat, locations.centroid_lng AS locations_centroid_lng, locations.geometry_type AS locations_geometry_type, locations.created_at AS locations_created_at, locations.updated_at AS locations_updated_at 
FROM locations 
WHERE locations.id IN ($1::UUID)
2026-09-18 11:34:15 | INFO | sqlalchemy.engine.Engine | SELECT locations.id AS locations_id, locations.name AS locations_name, locations.geometry AS locations_geometry, locations.latitude AS locations_latitude, locations.longitude AS locations_longitude, locations.area_sq_meters AS locations_area_sq_meters, locations.centroid_lat AS locations_centroid_lat, locations.centroid_lng AS locations_centroid_lng, locations.geometry_type AS locations_geometry_type, locations.created_at AS locations_created_at, locations.updated_at AS locations_updated_at 
FROM locations 
WHERE locations.id IN ($1::UUID)
2026-09-18 11:34:15,764 INFO sqlalchemy.engine.Engine [cached since 8.225e+04s ago] (UUID('e08640bc-abc9-4f27-a1ce-ab0bfc61dddd'),)
2026-09-18 11:34:15 | INFO | sqlalchemy.engine.Engine | [cached since 8.225e+04s ago] (UUID('e08640bc-abc9-4f27-a1ce-ab0bfc61dddd'),)
2026-09-18 11:34:15,769 INFO sqlalchemy.engine.Engine COMMIT
2026-09-18 11:34:15 | INFO | sqlalchemy.engine.Engine | COMMIT
INFO:     127.0.0.1:63914 - "GET /api/v1/analyses/b65e0791-8a8f-4deb-a681-1aa61db74b7c HTTP/1.1" 200 OK
2026-09-18 11:34:15,969 INFO sqlalchemy.engine.Engine BEGIN (implicit)
2026-09-18 11:34:15 | INFO | sqlalchemy.engine.Engine | BEGIN (implicit)
2026-09-18 11:34:15,970 INFO sqlalchemy.engine.Engine SELECT analyses.id, analyses.location_id, analyses.start_date, analyses.end_date, analyses.analysis_type, analyses.temporal_resolution, analyses.status, analyses.error_message, analyses.completed_at, analyses.result_data, analyses.created_at, analyses.updated_at 
FROM analyses 
WHERE analyses.id = $1::UUID
2026-09-18 11:34:15 | INFO | sqlalchemy.engine.Engine | SELECT analyses.id, analyses.location_id, analyses.start_date, analyses.end_date, analyses.analysis_type, analyses.temporal_resolution, analyses.status, analyses.error_message, analyses.completed_at, analyses.result_data, analyses.created_at, analyses.updated_at 
FROM analyses 
WHERE analyses.id = $1::UUID
2026-09-18 11:34:15,974 INFO sqlalchemy.engine.Engine [cached since 8.225e+04s ago] (UUID('b65e0791-8a8f-4deb-a681-1aa61db74b7c'),)
2026-09-18 11:34:15 | INFO | sqlalchemy.engine.Engine | [cached since 8.225e+04s ago] (UUID('b65e0791-8a8f-4deb-a681-1aa61db74b7c'),)
2026-09-18 11:34:15,978 INFO sqlalchemy.engine.Engine BEGIN (implicit)
2026-09-18 11:34:15 | INFO | sqlalchemy.engine.Engine | BEGIN (implicit)
2026-09-18 11:34:15,980 INFO sqlalchemy.engine.Engine SELECT analyses.id, analyses.location_id, analyses.start_date, analyses.end_date, analyses.analysis_type, analyses.temporal_resolution, analyses.status, analyses.error_message, analyses.completed_at, analyses.result_data, analyses.created_at, analyses.updated_at 
FROM analyses 
WHERE analyses.id = $1::UUID
2026-09-18 11:34:15 | INFO | sqlalchemy.engine.Engine | SELECT analyses.id, analyses.location_id, analyses.start_date, analyses.end_date, analyses.analysis_type, analyses.temporal_resolution, analyses.status, analyses.error_message, analyses.completed_at, analyses.result_data, analyses.created_at, analyses.updated_at 
FROM analyses 
WHERE analyses.id = $1::UUID
2026-09-18 11:34:15,982 INFO sqlalchemy.engine.Engine [cached since 8.225e+04s ago] (UUID('b65e0791-8a8f-4deb-a681-1aa61db74b7c'),)
2026-09-18 11:34:15 | INFO | sqlalchemy.engine.Engine | [cached since 8.225e+04s ago] (UUID('b65e0791-8a8f-4deb-a681-1aa61db74b7c'),)
2026-09-18 11:34:15,997 INFO sqlalchemy.engine.Engine SELECT dataset_usages.analysis_id AS dataset_usages_analysis_id, dataset_usages.id AS dataset_usages_id, dataset_usages.dataset_id AS dataset_usages_dataset_id, dataset_usages.variable AS dataset_usages_variable, dataset_usages.resolution AS dataset_usages_resolution, dataset_usages.date_range AS dataset_usages_date_range, dataset_usages.metadata AS dataset_usages_metadata, dataset_usages.created_at AS dataset_usages_created_at, dataset_usages.updated_at AS dataset_usages_updated_at 
FROM dataset_usages 
WHERE dataset_usages.analysis_id IN ($1::UUID)
2026-09-18 11:34:15 | INFO | sqlalchemy.engine.Engine | SELECT dataset_usages.analysis_id AS dataset_usages_analysis_id, dataset_usages.id AS dataset_usages_id, dataset_usages.dataset_id AS dataset_usages_dataset_id, dataset_usages.variable AS dataset_usages_variable, dataset_usages.resolution AS dataset_usages_resolution, dataset_usages.date_range AS dataset_usages_date_range, dataset_usages.metadata AS dataset_usages_metadata, dataset_usages.created_at AS dataset_usages_created_at, dataset_usages.updated_at AS dataset_usages_updated_at 
FROM dataset_usages 
WHERE dataset_usages.analysis_id IN ($1::UUID)
2026-09-18 11:34:15,999 INFO sqlalchemy.engine.Engine [cached since 8.225e+04s ago] (UUID('b65e0791-8a8f-4deb-a681-1aa61db74b7c'),)
2026-09-18 11:34:15 | INFO | sqlalchemy.engine.Engine | [cached since 8.225e+04s ago] (UUID('b65e0791-8a8f-4deb-a681-1aa61db74b7c'),)
2026-09-18 11:34:16,004 INFO sqlalchemy.engine.Engine SELECT timeseries.analysis_id AS timeseries_analysis_id, timeseries.id AS timeseries_id, timeseries.date AS timeseries_date, timeseries.variable AS timeseries_variable, timeseries.value AS timeseries_value, timeseries.metadata AS timeseries_metadata, timeseries.created_at AS timeseries_created_at, timeseries.updated_at AS timeseries_updated_at 
FROM timeseries 
WHERE timeseries.analysis_id IN ($1::UUID)
2026-09-18 11:34:16 | INFO | sqlalchemy.engine.Engine | SELECT timeseries.analysis_id AS timeseries_analysis_id, timeseries.id AS timeseries_id, timeseries.date AS timeseries_date, timeseries.variable AS timeseries_variable, timeseries.value AS timeseries_value, timeseries.metadata AS timeseries_metadata, timeseries.created_at AS timeseries_created_at, timeseries.updated_at AS timeseries_updated_at 
FROM timeseries 
WHERE timeseries.analysis_id IN ($1::UUID)
2026-09-18 11:34:16,005 INFO sqlalchemy.engine.Engine [cached since 8.225e+04s ago] (UUID('b65e0791-8a8f-4deb-a681-1aa61db74b7c'),)
2026-09-18 11:34:16 | INFO | sqlalchemy.engine.Engine | [cached since 8.225e+04s ago] (UUID('b65e0791-8a8f-4deb-a681-1aa61db74b7c'),)
2026-09-18 11:34:16,012 INFO sqlalchemy.engine.Engine SELECT dataset_usages.analysis_id AS dataset_usages_analysis_id, dataset_usages.id AS dataset_usages_id, dataset_usages.dataset_id AS dataset_usages_dataset_id, dataset_usages.variable AS dataset_usages_variable, dataset_usages.resolution AS dataset_usages_resolution, dataset_usages.date_range AS dataset_usages_date_range, dataset_usages.metadata AS dataset_usages_metadata, dataset_usages.created_at AS dataset_usages_created_at, dataset_usages.updated_at AS dataset_usages_updated_at 
FROM dataset_usages 
WHERE dataset_usages.analysis_id IN ($1::UUID)
2026-09-18 11:34:16 | INFO | sqlalchemy.engine.Engine | SELECT dataset_usages.analysis_id AS dataset_usages_analysis_id, dataset_usages.id AS dataset_usages_id, dataset_usages.dataset_id AS dataset_usages_dataset_id, dataset_usages.variable AS dataset_usages_variable, dataset_usages.resolution AS dataset_usages_resolution, dataset_usages.date_range AS dataset_usages_date_range, dataset_usages.metadata AS dataset_usages_metadata, dataset_usages.created_at AS dataset_usages_created_at, dataset_usages.updated_at AS dataset_usages_updated_at 
FROM dataset_usages 
WHERE dataset_usages.analysis_id IN ($1::UUID)
2026-09-18 11:34:16,013 INFO sqlalchemy.engine.Engine [cached since 8.225e+04s ago] (UUID('b65e0791-8a8f-4deb-a681-1aa61db74b7c'),)
2026-09-18 11:34:16 | INFO | sqlalchemy.engine.Engine | [cached since 8.225e+04s ago] (UUID('b65e0791-8a8f-4deb-a681-1aa61db74b7c'),)
2026-09-18 11:34:16,017 INFO sqlalchemy.engine.Engine SELECT reports.analysis_id AS reports_analysis_id, reports.id AS reports_id, reports.file_path AS reports_file_path, reports.report_type AS reports_report_type, reports.created_at AS reports_created_at, reports.updated_at AS reports_updated_at 
FROM reports 
WHERE reports.analysis_id IN ($1::UUID)
2026-09-18 11:34:16 | INFO | sqlalchemy.engine.Engine | SELECT reports.analysis_id AS reports_analysis_id, reports.id AS reports_id, reports.file_path AS reports_file_path, reports.report_type AS reports_report_type, reports.created_at AS reports_created_at, reports.updated_at AS reports_updated_at 
FROM reports 
WHERE reports.analysis_id IN ($1::UUID)
2026-09-18 11:34:16,018 INFO sqlalchemy.engine.Engine [cached since 8.225e+04s ago] (UUID('b65e0791-8a8f-4deb-a681-1aa61db74b7c'),)
2026-09-18 11:34:16 | INFO | sqlalchemy.engine.Engine | [cached since 8.225e+04s ago] (UUID('b65e0791-8a8f-4deb-a681-1aa61db74b7c'),)
2026-09-18 11:34:16,023 INFO sqlalchemy.engine.Engine SELECT timeseries.analysis_id AS timeseries_analysis_id, timeseries.id AS timeseries_id, timeseries.date AS timeseries_date, timeseries.variable AS timeseries_variable, timeseries.value AS timeseries_value, timeseries.metadata AS timeseries_metadata, timeseries.created_at AS timeseries_created_at, timeseries.updated_at AS timeseries_updated_at 
FROM timeseries 
WHERE timeseries.analysis_id IN ($1::UUID)
2026-09-18 11:34:16 | INFO | sqlalchemy.engine.Engine | SELECT timeseries.analysis_id AS timeseries_analysis_id, timeseries.id AS timeseries_id, timeseries.date AS timeseries_date, timeseries.variable AS timeseries_variable, timeseries.value AS timeseries_value, timeseries.metadata AS timeseries_metadata, timeseries.created_at AS timeseries_created_at, timeseries.updated_at AS timeseries_updated_at 
FROM timeseries 
WHERE timeseries.analysis_id IN ($1::UUID)
2026-09-18 11:34:16,025 INFO sqlalchemy.engine.Engine [cached since 8.225e+04s ago] (UUID('b65e0791-8a8f-4deb-a681-1aa61db74b7c'),)
2026-09-18 11:34:16 | INFO | sqlalchemy.engine.Engine | [cached since 8.225e+04s ago] (UUID('b65e0791-8a8f-4deb-a681-1aa61db74b7c'),)
2026-09-18 11:34:16,033 INFO sqlalchemy.engine.Engine SELECT locations.id AS locations_id, locations.name AS locations_name, locations.geometry AS locations_geometry, locations.latitude AS locations_latitude, locations.longitude AS locations_longitude, locations.area_sq_meters AS locations_area_sq_meters, locations.centroid_lat AS locations_centroid_lat, locations.centroid_lng AS locations_centroid_lng, locations.geometry_type AS locations_geometry_type, locations.created_at AS locations_created_at, locations.updated_at AS locations_updated_at 
FROM locations 
WHERE locations.id IN ($1::UUID)
2026-09-18 11:34:16 | INFO | sqlalchemy.engine.Engine | SELECT locations.id AS locations_id, locations.name AS locations_name, locations.geometry AS locations_geometry, locations.latitude AS locations_latitude, locations.longitude AS locations_longitude, locations.area_sq_meters AS locations_area_sq_meters, locations.centroid_lat AS locations_centroid_lat, locations.centroid_lng AS locations_centroid_lng, locations.geometry_type AS locations_geometry_type, locations.created_at AS locations_created_at, locations.updated_at AS locations_updated_at 
FROM locations 
WHERE locations.id IN ($1::UUID)
2026-09-18 11:34:16,034 INFO sqlalchemy.engine.Engine [cached since 8.225e+04s ago] (UUID('e08640bc-abc9-4f27-a1ce-ab0bfc61dddd'),)
2026-09-18 11:34:16 | INFO | sqlalchemy.engine.Engine | [cached since 8.225e+04s ago] (UUID('e08640bc-abc9-4f27-a1ce-ab0bfc61dddd'),)
2026-09-18 11:34:16,038 INFO sqlalchemy.engine.Engine SELECT reports.analysis_id AS reports_analysis_id, reports.id AS reports_id, reports.file_path AS reports_file_path, reports.report_type AS reports_report_type, reports.created_at AS reports_created_at, reports.updated_at AS reports_updated_at 
FROM reports 
WHERE reports.analysis_id IN ($1::UUID)
2026-09-18 11:34:16 | INFO | sqlalchemy.engine.Engine | SELECT reports.analysis_id AS reports_analysis_id, reports.id AS reports_id, reports.file_path AS reports_file_path, reports.report_type AS reports_report_type, reports.created_at AS reports_created_at, reports.updated_at AS reports_updated_at 
FROM reports 
WHERE reports.analysis_id IN ($1::UUID)
2026-09-18 11:34:16,039 INFO sqlalchemy.engine.Engine [cached since 8.225e+04s ago] (UUID('b65e0791-8a8f-4deb-a681-1aa61db74b7c'),)
2026-09-18 11:34:16 | INFO | sqlalchemy.engine.Engine | [cached since 8.225e+04s ago] (UUID('b65e0791-8a8f-4deb-a681-1aa61db74b7c'),)
2026-09-18 11:34:16,043 INFO sqlalchemy.engine.Engine SELECT analyses.id, analyses.location_id, analyses.start_date, analyses.end_date, analyses.analysis_type, analyses.temporal_resolution, analyses.status, analyses.error_message, analyses.completed_at, analyses.result_data, analyses.created_at, analyses.updated_at 
FROM analyses 
WHERE analyses.id = $1::UUID
2026-09-18 11:34:16 | INFO | sqlalchemy.engine.Engine | SELECT analyses.id, analyses.location_id, analyses.start_date, analyses.end_date, analyses.analysis_type, analyses.temporal_resolution, analyses.status, analyses.error_message, analyses.completed_at, analyses.result_data, analyses.created_at, analyses.updated_at 
FROM analyses 
WHERE analyses.id = $1::UUID
2026-09-18 11:34:16,045 INFO sqlalchemy.engine.Engine [cached since 8.225e+04s ago] (UUID('b65e0791-8a8f-4deb-a681-1aa61db74b7c'),)
2026-09-18 11:34:16 | INFO | sqlalchemy.engine.Engine | [cached since 8.225e+04s ago] (UUID('b65e0791-8a8f-4deb-a681-1aa61db74b7c'),)
2026-09-18 11:34:16,048 INFO sqlalchemy.engine.Engine SELECT locations.id AS locations_id, locations.name AS locations_name, locations.geometry AS locations_geometry, locations.latitude AS locations_latitude, locations.longitude AS locations_longitude, locations.area_sq_meters AS locations_area_sq_meters, locations.centroid_lat AS locations_centroid_lat, locations.centroid_lng AS locations_centroid_lng, locations.geometry_type AS locations_geometry_type, locations.created_at AS locations_created_at, locations.updated_at AS locations_updated_at 
FROM locations 
WHERE locations.id IN ($1::UUID)
2026-09-18 11:34:16 | INFO | sqlalchemy.engine.Engine | SELECT locations.id AS locations_id, locations.name AS locations_name, locations.geometry AS locations_geometry, locations.latitude AS locations_latitude, locations.longitude AS locations_longitude, locations.area_sq_meters AS locations_area_sq_meters, locations.centroid_lat AS locations_centroid_lat, locations.centroid_lng AS locations_centroid_lng, locations.geometry_type AS locations_geometry_type, locations.created_at AS locations_created_at, locations.updated_at AS locations_updated_at 
FROM locations 
WHERE locations.id IN ($1::UUID)
2026-09-18 11:34:16,049 INFO sqlalchemy.engine.Engine [cached since 8.225e+04s ago] (UUID('e08640bc-abc9-4f27-a1ce-ab0bfc61dddd'),)
2026-09-18 11:34:16 | INFO | sqlalchemy.engine.Engine | [cached since 8.225e+04s ago] (UUID('e08640bc-abc9-4f27-a1ce-ab0bfc61dddd'),)
2026-09-18 11:34:16,079 INFO sqlalchemy.engine.Engine SELECT dataset_usages.analysis_id AS dataset_usages_analysis_id, dataset_usages.id AS dataset_usages_id, dataset_usages.dataset_id AS dataset_usages_dataset_id, dataset_usages.variable AS dataset_usages_variable, dataset_usages.resolution AS dataset_usages_resolution, dataset_usages.date_range AS dataset_usages_date_range, dataset_usages.metadata AS dataset_usages_metadata, dataset_usages.created_at AS dataset_usages_created_at, dataset_usages.updated_at AS dataset_usages_updated_at 
FROM dataset_usages 
WHERE dataset_usages.analysis_id IN ($1::UUID)
2026-09-18 11:34:16 | INFO | sqlalchemy.engine.Engine | SELECT dataset_usages.analysis_id AS dataset_usages_analysis_id, dataset_usages.id AS dataset_usages_id, dataset_usages.dataset_id AS dataset_usages_dataset_id, dataset_usages.variable AS dataset_usages_variable, dataset_usages.resolution AS dataset_usages_resolution, dataset_usages.date_range AS dataset_usages_date_range, dataset_usages.metadata AS dataset_usages_metadata, dataset_usages.created_at AS dataset_usages_created_at, dataset_usages.updated_at AS dataset_usages_updated_at 
FROM dataset_usages 
WHERE dataset_usages.analysis_id IN ($1::UUID)
2026-09-18 11:34:16,080 INFO sqlalchemy.engine.Engine [cached since 8.225e+04s ago] (UUID('b65e0791-8a8f-4deb-a681-1aa61db74b7c'),)
2026-09-18 11:34:16 | INFO | sqlalchemy.engine.Engine | [cached since 8.225e+04s ago] (UUID('b65e0791-8a8f-4deb-a681-1aa61db74b7c'),)
2026-09-18 11:34:16,088 INFO sqlalchemy.engine.Engine SELECT timeseries.analysis_id AS timeseries_analysis_id, timeseries.id AS timeseries_id, timeseries.date AS timeseries_date, timeseries.variable AS timeseries_variable, timeseries.value AS timeseries_value, timeseries.metadata AS timeseries_metadata, timeseries.created_at AS timeseries_created_at, timeseries.updated_at AS timeseries_updated_at 
FROM timeseries 
WHERE timeseries.analysis_id IN ($1::UUID)
2026-09-18 11:34:16 | INFO | sqlalchemy.engine.Engine | SELECT timeseries.analysis_id AS timeseries_analysis_id, timeseries.id AS timeseries_id, timeseries.date AS timeseries_date, timeseries.variable AS timeseries_variable, timeseries.value AS timeseries_value, timeseries.metadata AS timeseries_metadata, timeseries.created_at AS timeseries_created_at, timeseries.updated_at AS timeseries_updated_at 
FROM timeseries 
WHERE timeseries.analysis_id IN ($1::UUID)
2026-09-18 11:34:16,089 INFO sqlalchemy.engine.Engine [cached since 8.225e+04s ago] (UUID('b65e0791-8a8f-4deb-a681-1aa61db74b7c'),)
2026-09-18 11:34:16 | INFO | sqlalchemy.engine.Engine | [cached since 8.225e+04s ago] (UUID('b65e0791-8a8f-4deb-a681-1aa61db74b7c'),)
2026-09-18 11:34:16,094 INFO sqlalchemy.engine.Engine SELECT reports.analysis_id AS reports_analysis_id, reports.id AS reports_id, reports.file_path AS reports_file_path, reports.report_type AS reports_report_type, reports.created_at AS reports_created_at, reports.updated_at AS reports_updated_at 
FROM reports 
WHERE reports.analysis_id IN ($1::UUID)
2026-09-18 11:34:16 | INFO | sqlalchemy.engine.Engine | SELECT reports.analysis_id AS reports_analysis_id, reports.id AS reports_id, reports.file_path AS reports_file_path, reports.report_type AS reports_report_type, reports.created_at AS reports_created_at, reports.updated_at AS reports_updated_at 
FROM reports 
WHERE reports.analysis_id IN ($1::UUID)
2026-09-18 11:34:16,096 INFO sqlalchemy.engine.Engine [cached since 8.225e+04s ago] (UUID('b65e0791-8a8f-4deb-a681-1aa61db74b7c'),)
2026-09-18 11:34:16 | INFO | sqlalchemy.engine.Engine | [cached since 8.225e+04s ago] (UUID('b65e0791-8a8f-4deb-a681-1aa61db74b7c'),)
2026-09-18 11:34:16,103 INFO sqlalchemy.engine.Engine SELECT locations.id AS locations_id, locations.name AS locations_name, locations.geometry AS locations_geometry, locations.latitude AS locations_latitude, locations.longitude AS locations_longitude, locations.area_sq_meters AS locations_area_sq_meters, locations.centroid_lat AS locations_centroid_lat, locations.centroid_lng AS locations_centroid_lng, locations.geometry_type AS locations_geometry_type, locations.created_at AS locations_created_at, locations.updated_at AS locations_updated_at 
FROM locations 
WHERE locations.id IN ($1::UUID)
2026-09-18 11:34:16 | INFO | sqlalchemy.engine.Engine | SELECT locations.id AS locations_id, locations.name AS locations_name, locations.geometry AS locations_geometry, locations.latitude AS locations_latitude, locations.longitude AS locations_longitude, locations.area_sq_meters AS locations_area_sq_meters, locations.centroid_lat AS locations_centroid_lat, locations.centroid_lng AS locations_centroid_lng, locations.geometry_type AS locations_geometry_type, locations.created_at AS locations_created_at, locations.updated_at AS locations_updated_at 
FROM locations 
WHERE locations.id IN ($1::UUID)
2026-09-18 11:34:16,104 INFO sqlalchemy.engine.Engine [cached since 8.225e+04s ago] (UUID('e08640bc-abc9-4f27-a1ce-ab0bfc61dddd'),)
2026-09-18 11:34:16 | INFO | sqlalchemy.engine.Engine | [cached since 8.225e+04s ago] (UUID('e08640bc-abc9-4f27-a1ce-ab0bfc61dddd'),)
2026-09-18 11:34:16,107 INFO sqlalchemy.engine.Engine SELECT timeseries.id, timeseries.analysis_id, timeseries.date, timeseries.variable, timeseries.value, timeseries.metadata, timeseries.created_at, timeseries.updated_at 
FROM timeseries 
WHERE timeseries.analysis_id = $1::UUID ORDER BY timeseries.date
2026-09-18 11:34:16 | INFO | sqlalchemy.engine.Engine | SELECT timeseries.id, timeseries.analysis_id, timeseries.date, timeseries.variable, timeseries.value, timeseries.metadata, timeseries.created_at, timeseries.updated_at 
FROM timeseries 
WHERE timeseries.analysis_id = $1::UUID ORDER BY timeseries.date
2026-09-18 11:34:16,108 INFO sqlalchemy.engine.Engine [cached since 8.225e+04s ago] (UUID('b65e0791-8a8f-4deb-a681-1aa61db74b7c'),)
2026-09-18 11:34:16 | INFO | sqlalchemy.engine.Engine | [cached since 8.225e+04s ago] (UUID('b65e0791-8a8f-4deb-a681-1aa61db74b7c'),)
2026-09-18 11:34:16,124 INFO sqlalchemy.engine.Engine COMMIT
2026-09-18 11:34:16 | INFO | sqlalchemy.engine.Engine | COMMIT
INFO:     127.0.0.1:63919 - "GET /api/v1/analyses/b65e0791-8a8f-4deb-a681-1aa61db74b7c/maps HTTP/1.1" 200 OK
2026-09-18 11:34:16,136 INFO sqlalchemy.engine.Engine COMMIT
2026-09-18 11:34:16 | INFO | sqlalchemy.engine.Engine | COMMIT
INFO:     127.0.0.1:63920 - "GET /api/v1/analyses/b65e0791-8a8f-4deb-a681-1aa61db74b7c/timeseries HTTP/1.1" 200 OK
